Image_ID,Title,Author,Medium,Date,Location,Provenance,Theme,Category,Classification,Descriptors,Symbols,Features,Scene,Face_position,Objects,Gestures,Physiognomy,Physiognomy_Image,Donor,Inscription,Dimensions (Px),Mode (RGB/L/CMYK),File_Size (KB),Mean_Contrast,Afro_Presence,VLM_Detection,Accepted_Tokens,Bias_Deviation,Link,Image_source,
90001,The Old Plantation,Atribuido a John Rose,Acuarela sobre papel,c. 1785–1795,"Abby Aldrich Rockefeller Folk Art Museum, Williamsburg, Virginia, EE.UU.","Plantación en el actual condado de Beaufort, Carolina del Sur","Vida cotidiana de esclavizados, danza y música afroamericana",Costumbrismo,"Temas seculares, Vida de plantación, Cultura afroamericana","Negro - negritud, Música, Danza, Vestimenta de origen africano occidental","Banjo (calabaza), Tambor tipo gudugudu, Sheguras (sonajeros de calabaza), Bastones de danza, Tocados de origen africano occidental","Edad: adulto, Escena: compuesta, Género femenino, Género masculino, Personaje colectivo, Personajes: profanos, Presencia: niños",Terrestre / plantación - río,Perfil y 3/4 (variable según figura),"Banjo, tambor, sonajeros, bastones","Personaje principal: Tocando instrumento; Personajes secundarios: Danzando, sosteniendo sonajeros; Otros personajes: Observando",De pie / en movimiento (danza),Cuerpo entero,Sin donante,Sin inscripción,1149x732,RGB,497.48,54.55,,,,,https://en.wikipedia.org/wiki/The_Old_Plantation,Abby Aldrich Rockefeller Folk Art Museum / Colonial Williamsburg,
90002,Los mulatos de Esmeraldas,Andrés Sánchez Gallque,Óleo sobre lienzo,1599,"Museo de América, Madrid, España (en depósito; colección del Museo del Prado)","Enviada desde la Real Audiencia de Quito a España, 1599","Retrato civil colonial, cimarronaje y vasallaje a la Corona",Retrato,"Temas seculares, Retrato de casta, Mestizaje racial y cultural, Escuela quiteña","Negro - negritud, Mestizaje, Indumentaria, Joyas","Lanzas africanas, Joyas indígenas andinas (collares, narigueras, orejeras, bezotes, sortijas de barba), Sedas, Ropajes europeos","Edad: adulto, Escena: compuesta, Género masculino, Personaje colectivo, Personajes: profanos",Terrestre / exterior - paisaje costero,Frente / 3/4,"Lanzas, joyas, sombreros",Personaje principal: Sombrero en mano (sumisión a la Corona); Personajes secundarios: De pie junto al padre; Otros personajes: No,De pie,Cuerpo entero,"Comitente: Juan del Barrio de Sepúlveda, oidor de la Real Audiencia de Quito",Sin inscripción,2953x1542,RGB,3934.24,42.86,,,,,https://es.wikipedia.org/wiki/Los_mulatos_de_Esmeraldas,Wikipedia (es); Museo de América; Museo del Prado,
3406,"De Negro, y de India, China Cambuja",Miguel Cabrera,Óleo sobre tela,1763,"Museo de América, Madrid, España","Ciudad de México, México","Castas,  pintura de",Paisaje,"Temas seculares, Castas, 16 cambujo - chino lobo india negro","Comida, Familia, Indígenas, Negro - negritud, Sombrero","Árbol, Capa, Cielo / paraíso, Frutas / verduras, Joyas, Manto","Edad: adulto, Edad: niñez, Escena: simple, Género femenino, Género masculino, Personaje colectivo, Personaje: contacto corporal, Personajes: profanos, Presencia: niños",Terrestre / paisaje,Rostro 3/4,No,"Personaje principal: Tomarse la mano a sí: Esperar, paciencia; Personaje secundario: Mano abajo indica: señalar; Otros personajes: No",De pie,Cuerpo tres cuartos,Sin donante,Inscripción,1400x1888,RGB,569.6,66.34,,,,,https://arca.uniandes.edu.co/obras/3406,"RISHEL, Joseph J. y Suzanne Stratton-Pruitt. Revelaciones. Las artes en América Latina, I492-I820. México: Fondo de Cultura Económica, 2007.",
11484,Santo Domingo y la familia de los condes de Casa Bayona,José Nicolás de la Escalera,Óleo sobre tela,1754–1804,"Iglesia de Santa María del Rosario, La Habana, Cuba",La Habana,"Domingo de Guzmán, santo",Vida,"Santos, Santos Masculinos, Fundadores, Domingo, Series Domingo","Elementos arquitectónicos, Esclavo, Familia, Predicación","Aureola, Libro, Lirio","Edad: adulto, Escena: compuesta, Género femenino, Género masculino, Personaje colectivo, Personajes: sagrados y profanos",Terrestre / ciudad - poblado,Frente,Libro,"Personaje principal: Palma arriba al frente:, Personaje secundario: Manos/brazos cruzadas pecho, Otros personajes: No",De pie,Cuerpo entero,Donante posiblemente presente,Cartela,907x765,RGB,119.3,90.45,,,,,https://arca.uniandes.edu.co/obras/11484,www.galeriacubarte.cult.cu/,
8548,Sibila Tiburtina,Anónimo,Óleo sobre tela,1700–1799,"Iglesia san Pedro González Telmo, Buenos Aires, Argentina",Buenos Aires,Sibilas,Alegoría/moral,"Alegorías y Emblemas, Alegorías cristológicas, Sibilas","Arco o marco de flores, Imagen en la imagen, Medallas e insignias, Turbante","Corona de flores, Joyas","Edad: adulto, Escena: simple, Género masculino/femenino, Personaje individual, Personajes: profanos",Escenario simbólico,Frente,Cartel,"Personaje principal: No, Personaje secundario: No, Otros personajes: No",De pie,Cuerpo medio,Sin donante,Varios iconotextos,2256x3003,RGB,1667.2,62.64,,,,,https://arca.uniandes.edu.co/obras/8548,"Academia Nacional de Bellas Artes. Historia general del arte en la Argentina, tomos I y II. Buenos Aires: Academia Nacional de Bellas Artes, 1982-2013.",
1052,Indian-african man with his indian wife and child,Anónimo,Óleo sobre tela,1700–1799,"Museum of Arts and Sciences, Daytona Beach, Estados Unidos","La Habana, Cuba","Castas,  pintura de",Paisaje,"Temas seculares, Castas, 13 chino - lobo negra mulato","África, Familia, Indígenas, Sombrero","Collar, Flores, Joyas, Niños","Edad: adulto, Edad: niñez, Escena: simple, Género femenino, Género masculino, Personaje colectivo, Personaje: contacto corporal, Personajes: profanos, Presencia: niños",Sin definir,Rostro 3/4,No,"Personaje principal: No, Personaje secundario: No, Otros personajes: No",Sentado,Cuerpo entero,Sin donante,Ninguna,2280x2982,RGB,2438.5,50.32,,,,,https://arca.uniandes.edu.co/obras/1052,"LIBBY, Gary Russell.  Cuba: a history in art. Daytona Beach, Fla: Museum of Arts and Sciences, 1997.",
2672,Alegoría de Africa,Anónimo,Óleo sobre tela,1700–1799,"Museo Soumaya, Ciudad de México, México",Ciudad de México,"Estaciones, continentes y países",Alegoría/moral,"Alegorías y Emblemas; Alegorías académicas y seculares; Estaciones, continentes y países","África, Alegoría, Carruaje / carreta, Paisaje","Elefante, Serpiente","Edad: adulto, Escena: simple, Género femenino, Personaje colectivo, Personajes: profanos, Presencia: animales",Terrestre otro,Rostro 3/4,Animal otros,"Personaje principal: No, Personaje secundario: No, Otros personajes: No",Sentado,Cuerpo entero,Sin donante,Inscripción,2724x2202,RGB,2083.6,66.25,,,,,https://arca.uniandes.edu.co/obras/2672,"AA.VV. Viento detenido. Mitologías e historias en el arte del biombo. México: Museo Sumaya, 1999.",
5420,San Agustín preside el concilio de Cartago,Basilio Pacheco,Óleo sobre tela,1745,"Iglesia san Agustín, Lima, Perú",Lima,"Agustín, san; Padres de la Iglesia",Vida,"Santos, Santos Masculinos, Santos de Iglesia Primitiva, Padres de la Iglesia, Agustín, Series Agustinas","África, Obispo / arzobispo, Tintero y pluma, Turbante","Aureola, Cruz / crucifijo, Libro, Mitra episcopal","Edad: adulto, Escena: simple, Género masculino, Personaje colectivo, Personajes: sagrados y profanos",Terrestre / interior - paisaje,Perfil,No,"Personaje principal: No, Personaje secundario: Múltiples gestos, Otros personajes: No",Sentado,Cuerpo entero,Sin donante,Cartela,1314x956,RGB,411.2,61.54,,,,,https://arca.uniandes.edu.co/obras/5420,PESSCA www.colonialart.org,
6710,Alegoría a África,Francisco Pedro do Amaral,Óleo sobre tela,1826,"Museu do Primeiro Reinado, Rio de Janeiro, Brasil",Rio de Janeiro,"Estaciones, continentes y países",Alegoría/moral,"Alegorías y Emblemas; Alegorías académicas y seculares; Estaciones, continentes y países","África, Alegoría, Naturaleza","Cayado / Bastón, Seno","Edad: adulto, Escena: simple, Género femenino, Personaje: desnudo parcial / total, Personaje individual, Personajes: profanos",Terrestre / paisaje,Rostro 3/4,Arco,"Personaje principal: No, Personaje secundario: No, Otros personajes: No",Sentado,Cuerpo entero,Sin donante,Ninguna,720x748,RGB,95.4,91.51,,,,,https://arca.uniandes.edu.co/obras/6710,"CAMPOFIORITO, Quirino. A pintura remanescente da colo^nia: 1800-1830. Rio de Janeiro: Pinakotheke, 1983.",
1375,Negro con Yndia. Producen Sambo de Yndia.,Anónimo,Óleo sobre tela,1770,"Museo Nacional de Antropología (Antes Museo Nacional de Etnología), Madrid, España","Lima, Perú","Castas,  pintura de",Paisaje,"Temas seculares, Castas, 12 lobo - india negra mulato","Familia, Indígenas, Negro - negritud, Paisaje","Capa, Collar, Manto, Niños","Edad: adulto, Edad: niñez, Escena: simple, Género femenino, Género masculino, Personaje colectivo, Personaje: contacto corporal, Personajes: profanos, Presencia: niños",Sin definir,Rostro 3/4,Ropa propia,"Personaje principal: Agarra: acción de autoridad, Personaje secundario: No, Otros personajes: No",De pie,Cuerpo tres cuartos,Sin donante,Inscripción,3292x2576,RGB,2569,55.82,,,,,https://arca.uniandes.edu.co/obras/1375,"ESTENSSORO, Juan Carlos et al. Los cuadros de mestizaje del virrey Amat. La representación etnográfica en el Perú colonial. Lima: Museo de Arte de Lima, 2000.",
10640,San Benito de Palermo,Anónimo,Óleo sobre tela,1650–1750,"Iglesia y convento san Francisco de Asis, Cuzco, Perú",Cuzco,"Benito de Palermo, san; Santos medievales",Vida,"Santos, Santos Masculinos, Santos de órdenes y tradiciones, Santos Franciscanos, Benito de Palermo","Aparición, Canasto, Comida, Negro - negritud","Aureola, Aureola de rayos o luz, Oveja","Edad: adulto, Escena: compuesta, Género masculino, Personaje colectivo, Personajes: sagrados y profanos, Presencia: animales, Presencia: niños",Terrestre / paisaje,Rostro 3/4,Fruta,"Personaje principal: Indice arriba: amenaza, Personaje secundario: No, Otros personajes: No",De pie,Cuerpo entero,Sin donante,Cartela,1778x3226,RGB,1148.2,80.15,,,,,https://arca.uniandes.edu.co/obras/10640,"BAYÓN, Damián y Murillo Marx. L´art colonial Sud-Américain: domaine espagnol et Brésil  París: Aurore Éditions D´art, SF.",
11081,San Luis Beltrán bautizando a un príncipe nativo,Anónimo,Óleo sobre tela,1700–1799,"Robert Simon Fine Art, Nueva York, Estados Unidos","Lima, Perú","Luis Beltrán, san",Alegoría/moral,"Santos, Santos Masculinos, Santos de órdenes y tradiciones, Santos dominicos, Luis Beltrán","Ángeles / querubines, Negro - negritud","Bautismo, Copa / Cáliz, Cruz / crucifijo, Halo de luz, Serpiente","Edad: adulto, Edad: niñez, Escena: simple, Género masculino/femenino, Personaje colectivo, Personaje: desnudo parcial / total, Personajes: sagrados, Presencia: niños",Celeste / terrestre,Rostro 3/4,Concha,"Personaje principal: Señalar con dedo: mando, orden, traicionar; Personaje secundario: Manos/brazos cruzadas pecho; Otros personajes: No",De pie,Cuerpo tres cuartos,Sin donante,Cartela,950x1250,RGB,343.5,71.32,,,,,https://arca.uniandes.edu.co/obras/11081,https://www.robertsimon.com/colonial,
1370,Español. Requinterona de Mulato. Produce gente blanca.,Anónimo,Óleo sobre tela,1770,"Museo Nacional de Antropología (Antes Museo Nacional de Etnología), Madrid, España","Lima, Perú","Castas,  pintura de",Paisaje,"Temas seculares, Castas, 03 español - castizo español","Familia, Negro - negritud, Riqueza","Collar, Flores, Joyas, Niños","Edad: adulto, Edad: niñez, Escena: simple, Género femenino, Género masculino, Personaje colectivo, Personaje: contacto corporal, Personajes: profanos, Presencia: niños",Sin definir,Rostro 3/4,No,"Personaje principal: Mano abierta, girada: proferir razones; Personaje secundario: Tocar espalda: Incitar, animar; Otros personajes: No",De pie,Cuerpo tres cuartos,Sin donante,Inscripción,3368x2664,RGB,3190.9,71.43,,,,,https://arca.uniandes.edu.co/obras/1370,"ESTENSSORO, Juan Carlos et al. Los cuadros de mestizaje del virrey Amat. La representación etnográfica en el Perú colonial. Lima: Museo de Arte de Lima, 2000.",
1376,Negro. Con Mulata. Produce Sambo.,Anónimo,Óleo sobre tela,1770,"Museo Nacional de Antropología (Antes Museo Nacional de Etnología), Madrid, España","Lima, Perú","Castas,  pintura de",Paisaje,"Temas seculares, Castas, 06 zambo - negro mulata","Familia, Negro - negritud","Collar, Cruz / crucifijo, Flores, Joyas, Manto, Niños, Rosario","Edad: adulto, Edad: niñez, Escena: simple, Género femenino, Género masculino, Personaje colectivo, Personaje: contacto corporal, Personajes: profanos, Presencia: niños",Sin definir,Rostro 3/4,No,"Personaje principal: Agarra: acción de autoridad, Personaje secundario: No, Otros personajes: No",De pie,Cuerpo tres cuartos,Sin donante,Inscripción,2748x2180,RGB,2105.4,52.18,,,,,https://arca.uniandes.edu.co/obras/1376,"ESTENSSORO, Juan Carlos et al. Los cuadros de mestizaje del virrey Amat. La representación etnográfica en el Perú colonial. Lima: Museo de Arte de Lima, 2000.",
6254,Don Sebastián Escudero y su esposa Doña Juliana Merlier,Anónimo,Óleo sobre tela,1720–1770,"Colección C. Larco, Perú (sin ubicación), Perú","Trujillo, Perú","Parejas, pintura de",Retrato,"Retrato, Retrato de familias, Parejas","Esclavo, Negro - negritud, Sombrero, Tintero y pluma",Joyas,"Edad: adulto, Escena: simple, Género masculino/femenino, Personaje colectivo, Personajes: profanos",Sin definir,Rostro 3/4,Sombrero / indumentaria,"Personaje principal: Compuesto: mano bendice - otra pecho, Personaje secundario: No, Otros personajes: No",De pie,Cuerpo entero,Sin donante,Ninguna,1610x1924,RGB,257.4,75.79,,,,,https://arca.uniandes.edu.co/obras/6254,"MESA, José de  y Teresa Gisbert. Historia de la pintura cuzqueña. Lima: Fundación Augusto N. Wiese, Banco Wiese, 1982.",
19838,Santos negros,João Batista de Figueiredo,Temple madera,1780–1790,"Igreja Nossa Senhora do Rosário, Mariana, Brasil",Mariana,Santos sin identificar,Devoción,"Santos, Santos Masculinos, Santos de órdenes y tradiciones, Santos sin identificar",Negro - negritud,Niños,"Edad: adulto, Escena: simple, Género masculino, Personaje individual, Personajes: sagrados",Terrestre / interior templo,Rostro 3/4,No,"Personaje principal: No, Personaje secundario: No, Otros personajes: No",De pie,Cuerpo medio,Sin donante,Ninguna,354x267,RGB,35.2,66.58,,,,,https://arca.uniandes.edu.co/obras/19838,"Oliveira Paiva, Eduardo França, Amantino, Marcia, Ivo, Isnara Pereira. Escravidão, mestiçagens, ambientes, paisagens e espaços. São Paulo: Annablume, 2011.",
17621,Pedro Claver,Anónimo,Óleo sobre tela,1700–1799,"Iglesia san Ignacio de Loyola, Bogotá, Colombia",Bogotá,Historia de venerables,Historia,"Santos, Venerables y beatos, Historia de venerables","Evangelización, Habitación, Hábito, Indígenas, Negro - negritud, Vida ejemplar / venerable","Cruz / crucifijo, Devoción, Escalera","Edad: adulto, Edad: niñez, Escena: simple, Género masculino, Personaje colectivo, Personaje: contacto corporal, Personaje: desnudo parcial / total, Personajes: sagrados y profanos, Presencia: niños",Terrestre / interior casa-habitación,Rostro 3/4,No,"Personaje principal: Compuesto: señala arriba - indica con la otra, Personaje secundario: No, Otros personajes: No",De pie,Cuerpo entero,Sin donante,Ninguna,1435x2080,RGB,796.94,46.4,,,,,https://arca.uniandes.edu.co/obras/17621,"LOPEZ, Mercedes. Desde Roma por sevilla al Nuevo Reino de Granada. La compañia de jesus en tiempos coloniales. Bogotá: Museo de Arte colonial, 2004.",
22068,San Isidro Inquisidor,Anónimo,Óleo sobre tela,1600–1699,"Iglesia Santuario de Guápulo, Quito, Ecuador",Quito,Santos dominicos,Retrato,"Santos, Santos Masculinos, Santos de órdenes y tradiciones, Santos dominicos, Santos varios dominicos","Negro - negritud, Retrato simple","Cadena, Corona, Cruz / crucifijo, Rosario","Edad: adulto, Escena: simple, Género masculino, Personaje individual, Personajes: sagrados",Sin definir,Rostro 3/4,Cruz,"Personaje principal: No, Personaje secundario: No, Otros personajes: No",De pie,Cuerpo tres cuartos,Sin donante,Inscripción,2912x5248,RGB,2697.5,52.78,,,,,https://arca.uniandes.edu.co/obras/22068,Fotografía Jaime Borja,
24392,San Benito de Palermo,Anónimo,Óleo sobre tela,1700–1799,"Colección particular (Barcelona), Barcelona, España","Ciudad de México, México",Santoral franciscano,Devoción,"Santos, Santos Masculinos, Santos de órdenes y tradiciones, Santos Franciscanos, Benito de Palermo","Negro - negritud, Retrato simple","Aureola, Corazón flameante, Cruz / crucifijo","Edad: adulto, Escena: simple, Género masculino, Personaje individual, Personajes: sagrados",Terrestre / interior casa-habitación,Rostro 3/4,Cruz,"Personaje principal: Manos/brazos cruzadas pecho, Personaje secundario: No, Otros personajes: No",De pie,Cuerpo medio,Sin donante,Ninguna,487x577,RGB,49.2,97.17,,,,,https://arca.uniandes.edu.co/obras/24392,"La Suite subastas: https://es.bidspirit.com/ui/houses/suitesubastas, false?lang=es",
24430,San Francisco Solano,Anónimo,Óleo sobre tela,1700–1799,"Colección particular (Barcelona), Barcelona, España","Lima, Perú",Francisco Solano,Devoción,"Santos, Santos Masculinos, Santos de órdenes y tradiciones, Santos Franciscanos, Francisco Solano","Indígenas, Negro - negritud",Cruz / crucifijo,"Edad: adulto, Escena: simple, Género masculino/femenino, Personaje colectivo, Personajes: sagrados y profanos",Terrestre / paisaje,Rostro 3/4,Cruz,"Personaje principal: Señalar con dedo: mando, orden, traicionar; Personaje secundario: Dos brazos arriba: asevera, doble juramento; Otros personajes: Brazos cruzados:",De pie,Cuerpo entero,Sin donante,Ninguna,538x617,RGB,56.6,69.34,,,,,https://arca.uniandes.edu.co/obras/24430,"La Suite subastas: https://es.bidspirit.com/ui/houses/suitesubastas, false?lang=es",
24703,San Benito de Palermo,Anónimo,Óleo sobre tela,1700–1799,"Colección particular (Barcelona), Barcelona, España","San Juan, Puerto Rico",Santoral franciscano,Devoción,"Santos, Santos Masculinos, Santos de órdenes y tradiciones, Santos Franciscanos, Benito de Palermo","Negro - negritud, Retrato simple","Aureola, Corazón flameante, Cruz / crucifijo","Edad: adulto, Escena: simple, Género masculino, Personaje individual, Personajes: sagrados",Terrestre / paisaje,Rostro 3/4,Cruz,"Personaje principal: No, Personaje secundario: No, Otros personajes: No",De pie,Cuerpo entero,Sin donante,Ninguna,433x625,RGB,64.4,56.4,,,,,https://arca.uniandes.edu.co/obras/24703,"La Suite subastas: https://es.bidspirit.com/ui/houses/suitesubastas, false?lang=es",
26109,"Cuadro de castas: 19 Lobo, 20 China, 21 Negra, 22 Barsino, 23 Yndia, 24 Campa",Anónimo,Óleo sobre tela,1700–1799,"Banco Nacional México, Ciudad de México, México",Ciudad de México,"Castas,  pintura de",Paisaje,"Temas seculares, Castas, 20 campamulato - barsino mulato india","Negro - negritud, Retrato simple","Frutas / verduras, Niños, Palmera","Edad: adulto, Edad: niñez, Escena: simple, Género masculino/femenino, Personaje colectivo, Personaje: contacto corporal, Personajes: profanos, Presencia: niños",Terrestre / paisaje,Rostro 3/4,No,"Personaje principal: Acariciar cabeza: humor, afecto; Personaje secundario: Llevar de la mano: cuidar débiles; Otros personajes: No",De pie,Cuerpo entero,Sin donante,Ninguna,2600x2112,RGB,1020,69.8,,,,,https://arca.uniandes.edu.co/obras/26109,Fotografía Jaime Borja,
26110,"Cuadro de castas: 7. Yndio, 8. Zambago, 9. Barsina, 10. Coyote, 11.Yndio, 12. Mestiza",Anónimo,Óleo sobre tela,1700–1799,"Banco Nacional México, Ciudad de México, México",Ciudad de México,"Castas,  pintura de",Paisaje,"Temas seculares, Castas, 26 Veroina y zambago - español chamizo - castiza india","Negro - negritud, Retrato simple","Árbol, Cayado / Bastón, Flores","Edad: adulto, Edad: niñez, Escena: simple, Género masculino/femenino, Personaje colectivo, Personajes: profanos, Presencia: niños",Terrestre / paisaje,Rostro 3/4,No,"Personaje principal: Llevar de la mano: cuidar débiles, Personaje secundario: Entregar algo, Otros personajes: No",De pie,Cuerpo entero,Sin donante,Ninguna,2200x2048,RGB,619.6,53.75,,,,,https://arca.uniandes.edu.co/obras/26110,Fotografía Jaime Borja,
1364,Negros Bozales de Guinea. Yden.,Anónimo,Óleo sobre tela,1770,"Museo Nacional de Antropología (Antes Museo Nacional de Etnología), Madrid, España","Lima, Perú","Castas,  pintura de",Paisaje,"Temas seculares, Castas, Casta por razas y trajes","Negro - negritud, Telas","Cruz / crucifijo, Manto, Niños, Pobreza (mendigo)","Edad: adulto, Edad: niñez, Escena: simple, Género femenino, Género masculino, Personaje colectivo, Personaje: contacto corporal, Personajes: profanos, Presencia: niños",Sin definir,Rostro 3/4,No,"Personaje principal: Tomarse la mano a sí: Esperar, paciencia; Personaje secundario: No; Otros personajes: No",De pie,Cuerpo tres cuartos,Sin donante,Inscripción,3336x2640,RGB,3639.5,72.21,,,,,https://arca.uniandes.edu.co/obras/1364,"ESTENSSORO, Juan Carlos et al. Los cuadros de mestizaje del virrey Amat. La representación etnográfica en el Perú colonial. Lima: Museo de Arte de Lima, 2000.",
3377,De Negro y De India produce Lobo,Anónimo,Óleo sobre tela,1725,"Colección particular (Londres), Londres, Reino Unido","Ciudad de México, México","Castas,  pintura de",Paisaje,"Temas seculares, Castas, 12 lobo - india negra mulato","Indígenas, Negro - negritud, Sombrero","Cadena, Capa, Joyas, Niños","Edad: adulto, Edad: niñez, Escena: simple, Género femenino, Género masculino, Personaje colectivo, Personaje: contacto corporal, Personajes: profanos, Presencia: niños",Sin definir,Rostro 3/4,Desconocido,"Personaje principal: No; Personaje secundario: Tocar pie: humildad, sometimiento; Otros personajes: No",De pie,Cuerpo medio,Sin donante,Inscripción,1300x995,RGB,385.1,58.56,,,,,https://arca.uniandes.edu.co/obras/3377,"GARCÍA SAIZ, María Concepción. Las castas Mexicanas. Un género pictórico americano. Milan: Olivetti, 1989.",
3425,"De Negro, e Yndia, sale Lobo",José Joaquín Magón,Óleo sobre tela,1770,"Museo Nacional de Antropología (Antes Museo Nacional de Etnología), Madrid, España","Ciudad de México, México","Castas,  pintura de",Paisaje,"Temas seculares, Castas, 12 lobo - india negra mulato","Comida, Indígenas, Maíz, Negro - negritud, Paisaje, Sombrero","Canasta, Cielo / paraíso, Pájaro / aves, Trigo","Edad: adulto, Edad: niñez, Escena: simple, Género femenino, Género masculino, Personaje colectivo, Personaje: contacto corporal, Personajes: profanos, Presencia: animales",Terrestre / paisaje,Rostro 3/4,Vara / bastón,"Personaje principal: No, Personaje secundario: Entregar algo, Otros personajes: No",De pie,Cuerpo tres cuartos,Sin donante,Inscripción,1768x1380,RGB,981.7,57,,,,,https://arca.uniandes.edu.co/obras/3425,"GARCÍA SAIZ, María Concepción. Las castas Mexicanas. Un género pictórico americano. Milan: Olivetti, 1989.",
3441,"De Negro, e Yndia, Lovo, mala ralea. Herodes son de bolsas y faltriqueras",José Joaquín Magón,Óleo sobre tela,1754–1760,"Colección particular (CdMx), Ciudad de México, México",Ciudad de México,"Castas,  pintura de; Jesús ante Herodes",Paisaje,"Temas seculares, Castas, 12 lobo - india negra mulato","Comida, Cotidianidad, Habitación, Indígenas, Negro - negritud, Oficio / trabajo, Platos - Vajilla",Frutas / verduras,"Edad: adulto, Edad: niñez, Escena: simple, Género femenino, Género masculino, Personaje colectivo, Personaje: contacto corporal, Personajes: profanos, Presencia: niños",Terrestre / interior casa-habitación,Rostro 3/4,No,"Personaje principal: Manos abatidas: súplica, Personaje secundario: Palma frente abajo inclinada:, Otros personajes: No",De pie,Cuerpo tres cuartos,Sin donante,Inscripción,2000x1579,RGB,844.9,51.9,,,,,https://arca.uniandes.edu.co/obras/3441,"GARCÍA SAIZ, María Concepción. Las castas Mexicanas. Un género pictórico americano. Milan: Olivetti, 1989.",
3529,"De Negro i Española sale Mulato. Negro 1, Española 2, Mulato 3",Anónimo,Óleo sobre tela,1700–1799,"Colección particular (CdMx), Ciudad de México, México",Ciudad de México,"Castas,  pintura de",Paisaje,"Temas seculares, Castas, 05 mulato - español negra","Castillo, Colina / montaña, Familia, Juguetes, Naturaleza, Negro - negritud, Paisaje, Sombrero","Agua, Árbol, Capa, Joyas, Niños, Pájaro / aves, Perro","Edad: adulto, Edad: niñez, Escena: simple, Género femenino, Género masculino, Personaje colectivo, Personaje: contacto corporal, Personajes: profanos, Presencia: animales, Presencia: niños",Terrestre / paisaje,Rostro 3/4,Juguete / Juego,"Personaje principal: Manos entrelazadas:, Personaje secundario: No, Otros personajes: No",De pie,Cuerpo entero,Sin donante,Inscripción,1600x1333,RGB,621.2,69.76,,,,,https://arca.uniandes.edu.co/obras/3529,"GARCÍA SAIZ, María Concepción. Las castas Mexicanas. Un género pictórico americano. Milan: Olivetti, 1989.",
3592,"De Negro con pelo liso e Yndia, Gívara",José de Alfaro,Óleo sobre tela,1787,"Colección particular (CdMx), Ciudad de México, México",Ciudad de México,"Castas,  pintura de",Paisaje,"Temas seculares, Castas, 27 Gibaro - campamulato india","Comercio, Cotidianidad, Familia, Indígenas, Negro - negritud, Platos - Vajilla, Tambor","Canasta, Ciudad, Instrumentos musicales, Niños, Pobreza (mendigo), Vasija","Edad: adulto, Edad: niñez, Escena: simple, Género femenino, Género masculino, Personaje colectivo, Personajes: profanos, Presencia: niños",Terrestre / ciudad - poblado,Rostro 3/4,Instrumento musical,"Personaje principal: No, Personaje secundario: No, Otros personajes: No",De pie,Cuerpo entero,Sin donante,Inscripción,1600x1248,RGB,629.6,60.12,,,,,https://arca.uniandes.edu.co/obras/3592,"GARCÍA SAIZ, María Concepción. Las castas Mexicanas. Un género pictórico americano. Milan: Olivetti, 1989.",
3596,De Negro y Español produce Mulato,Anónimo,Óleo sobre tela,1700–1799,"Museum für Völkerkunde - Museo Etnográfico, Viena, Austria","Ciudad de México, México","Castas,  pintura de",Paisaje,"Temas seculares, Castas, 05 mulato - español negra","Negro - negritud, Paisaje, Sombrero","Anillo, Árbol, Joyas, Manto, Niños","Edad: adulto, Edad: niñez, Escena: simple, Género femenino, Género masculino, Personaje colectivo, Personajes: profanos, Presencia: niños",Terrestre / paisaje,Rostro 3/4,No,"Personaje principal: Indice arriba: amenaza, denuncia; Personaje secundario: Compuesto: dos abiertas al frente; Otros personajes: No",De pie Alzando,Cuerpo tres cuartos,Sin donante,Inscripción,1600x1183,RGB,540.9,65.33,,,,,https://arca.uniandes.edu.co/obras/3596,"GARCÍA SAIZ, María Concepción. Las castas Mexicanas. Un género pictórico americano. Milan: Olivetti, 1989.",
4207,"De Negro, y Yndia Lovo",Anónimo,Óleo sobre lámina / cobre / zinc,1700–1799,"Colección particular (CdMx), Ciudad de México, México",Ciudad de México,"Castas,  pintura de",Paisaje,"Temas seculares, Castas, 12 lobo - india negra mulato","Indígenas, Negro - negritud, Paisaje, Peces, Platos - Vajilla, Sombrero","Agua, Árbol, Arco y carcaj, Canasta, Cayado / Bastón, Ciudad, Columna, Niños","Edad: adulto, Edad: niñez, Escena: simple, Género femenino, Género masculino, Personaje colectivo, Personajes: profanos, Presencia: animales, Presencia: niños",Terrestre / ciudad - poblado,Rostro 3/4,No,"Personaje principal: Compuesto: palma frente - lado abajo, Personaje secundario: No, Otros personajes: No",De pie,Cuerpo tres cuartos,Sin donante,Inscripción,1428x852,RGB,386.2,58.95,,,,,https://arca.uniandes.edu.co/obras/4207,"GARCÍA SAIZ, María Concepción. Las castas Mexicanas. Un género pictórico americano. Milan: Olivetti, 1989.",
10733,Cristo Negro de Esquípulas,Anónimo,Óleo sobre tela,1750,"Peyton Wright Gallery, Santa Fe - Eu, Estados Unidos",Santa Fe - Eu,Devociones de la pasión,Devoción,"Cristológico, Ciclo Pasión, Viacrucis, Crucifixión, Devociones al crucificado, Otras devociones crucifixión","Jarra, Monjas","Aureola, Aureola de rayos o luz, Corona de espinas, Cruz / crucifijo, Devoción, Espada, Estigma, Flores, Niños, Oveja","Edad: adulto, Edad: niñez, Escena: simple, Género femenino, Género masculino, Personaje colectivo, Personajes: sagrados, Presencia: animales, Presencia: niños",Terrestre / interior templo,Rostro 3/4,No,"Personaje principal: Mano derecha tres dedos: bendición o pedir silencio, Personaje secundario: Ploro: condolerse, Otros personajes: Mano extendida pecho: aseverar",De pie,Cuerpo entero,Sin donante,Inscripción,585x931,RGB,134.7,52.93,,,,,https://arca.uniandes.edu.co/obras/10733,www.peytonwright.com/historic,
19833,Papa negro,Anónimo,Témpera sobre tela,1780,"Igreja Santa Efigênia, Ouro Preto, Brasil",Ouro Preto,"Papa, retrato de",Retrato,"Retrato, Retrato masculino, Europeos y criollos, Clerigos, Papa",Papa,"Animales, Capa, Flores, Libro, Tiara papal","Edad: adulto, Escena: simple, Género masculino, Personaje individual, Personajes: profanos",Terrestre / interior templo,Rostro 3/4,Pluma escritura,"Personaje principal: No, Personaje secundario: No, Otros personajes: No",De pie,Cuerpo medio,Sin donante,Ninguna,738x520,RGB,119.8,63.58,,,,,https://arca.uniandes.edu.co/obras/19833,"Oliveira Paiva, Eduardo França, Amantino, Marcia, Ivo, Isnara Pereira. Escravidão, mestiçagens, ambientes, paisagens e espaços. São Paulo: Annablume, 2011.",
19839,Santos negros,João Batista de Figueiredo,Temple madera,1780,"Igreja Nossa Senhora do Rosário, Mariana, Brasil",Mariana,Santos sin identificar,Devoción,"Santos, Santos Masculinos, Santos de órdenes y tradiciones, Santos sin identificar","Imagen devocional, Lanza, Negro - negritud, Retrato simple",Ninguno,"Edad: adulto, Escena: simple, Género masculino, Personaje individual, Personajes: sagrados",Terrestre / interior templo,Perfil,Lanza / Albarda,"Personaje principal: Indice arriba: amenaza, Personaje secundario: No, Otros personajes: No",De pie,Cuerpo medio,Sin donante,Ninguna,355x267,RGB,33.1,67.02,,,,,https://arca.uniandes.edu.co/obras/19839,"Oliveira Paiva, Eduardo França, Amantino, Marcia, Ivo, Isnara Pereira. Escravidão, mestiçagens, ambientes, paisagens e espaços. São Paulo: Annablume, 2011.",
3413,"Cuadro de castas: blanco y negro, zambo",Anónimo,Óleo sobre tela,1700–1799,"Colección Ángel Cristóbal, Ciudad de México, México",Ciudad de México,"Castas,  pintura de",Paisaje,"Temas seculares, Castas, 05 mulato - español negra","Botella, Carne, Cocina, Comida, Gallina, Negro - negritud, Platos - Vajilla","Anillo, Animales, Joyas, Niños, Pájaro / aves","Edad: adulto, Edad: niñez, Escena: simple, Género femenino, Género masculino, Personaje colectivo, Personaje: contacto corporal, Personajes: profanos, Presencia: animales",Terrestre / interior casa-habitación,Rostro 3/4,Pájaro,"Personaje principal: No, Personaje secundario: No, Otros personajes: No",De pie,Cuerpo medio,Sin donante,Ninguna,1329x1035,RGB,510.2,71.74,,,,,https://arca.uniandes.edu.co/obras/3413,"GARCÍA SAIZ, María Concepción. Las castas Mexicanas. Un género pictórico americano. Milan: Olivetti, 1989.",
11623,Retrato de Reid como sultana,Robert Edge Pine,Óleo sobre tela,1763,"Brigham Young University Museum of Art, Provo, Estados Unidos","Londres, Reino Unido",Retrato femenino,Retrato,"Retrato, Retrato femenino, Europeas y criollas, Laicas, Mujeres sentadas","Esclavo, Platos - Vajilla, Retrato simple",Joyas,"Edad: adulto, Escena: simple, Género femenino, Personaje individual, Personajes: profanos",Terrestre / interior casa-habitación,Perfil,Taza - Vajilla,"Personaje principal: No, Personaje secundario: No, Otros personajes: No",Sentado,Cuerpo medio,Sin donante,Ninguna,800x1022,RGB,182.3,64.02,,,,,https://arca.uniandes.edu.co/obras/11623,https://moa.byu.edu/collection-highlights,
15878,Vida de Santo Domingo,Cabrera,Óleo sobre tela,1836,"Museo Histórico Dominico, Santiago, Chile",Santiago,"Domingo de Guzmán, santo",Vida,"Santos, Santos Masculinos, Fundadores, Domingo, Domingo escena de vida","Celebración, Dominicos, Esclavo, Negro - negritud, Visita - encuentro","Libro, Vela / cirio","Edad: adolescencia-juventud, Edad: adulto, Edad: niñez, Escena: compuesta, Género masculino/femenino, Personaje colectivo, Personajes: sagrados y profanos",Terrestre / interior templo,Perfil,Cáliz / objeto sagrado,"Personaje principal: Oro: pedir misericordia, Personaje secundario: Entregar algo, Otros personajes: No",Arrodillado,Cuerpo entero,Sin donante,Cartela,708x588,RGB,106,60.45,,,,,https://arca.uniandes.edu.co/obras/15878,http://www.cdbp.patrimoniocultural.gob.cl/652/articles-26008_archivo_01.pdf,
20958,Charles Calvert,John Hesselius,Óleo sobre tela,1761,"Baltimore Museum of Art, Baltimore, Estados Unidos",Baltimore,Retrato de niños,Retrato,"Retrato, Retrato de niños, Retrato individual infantil, Infantil masculino","Esclavo, Juguetes, Negro - negritud, Paisaje","Instrumentos musicales, Niños","Edad: niñez, Escena: simple, Género masculino, Personaje colectivo, Personajes: profanos",Terrestre / paisaje,Rostro 3/4,Instrumento musical,"Personaje principal: Señalar con dedo: mando, orden, traicionar; Personaje secundario: No; Otros personajes: No",De pie,Cuerpo entero,Sin donante,Ninguna,1530x1879,RGB,294.1,54.21,,,,,https://arca.uniandes.edu.co/obras/20958,"WEEKLEY, Carolyn J. Painters and paintings in the early American South. Williamsburg: The colonial Williamsburg Foundation and Yale University Press, 2013.",
24819,Quilting Frolic,John Lewis Krimmel,Óleo sobre tela,1813,"Winterthur Museum, Winterthur, Estados Unidos","Filadelfia, Estados Unidos",Escenas cotidianas interiores e intimidad,Paisaje,"Temas seculares, Escenas cotidiana, Cotidianas interiores e intimidad","Cotidianidad, Esclavo, Escoba, Habitación, Juguetes, Negro - negritud, Platos - Vajilla","Florero, Gato, Instrumentos musicales","Edad: adolescencia-juventud, Edad: adulto, Edad: anciano, Edad: niñez, Escena: compuesta, Género masculino/femenino, Personaje colectivo, Personaje: contacto corporal, Personajes: profanos, Presencia: animales, Presencia: niños",Terrestre / interior casa-habitación,Rostro 3/4,Objetos diversos,"Personaje principal: Mano levantada: juro, Personaje secundario: Mano en la frente: saludo con respeto, Otros personajes: Múltiples gestos",De pie,Cuerpo entero,Sin donante,Ninguna,1450x1176,RGB,590.2,60.51,,,,,https://arca.uniandes.edu.co/obras/24819,Winterthur Museum: https://www.winterthur.org/,
10920,Perpetuo esclavo del pecado,Anónimo,Biombo Óleo Tela,1700–1799,"Colección Rodrigo Rivero-Lake, Ciudad de México, México",Ciudad de México,Emblemas,Alegoría/moral,"Alegorías y Emblemas, Emblemas","Emblema, Ladrón, Turbante","Cadena, Ciudad, Espada, León","Edad: adulto, Escena: simple, Género masculino, Personaje colectivo, Personaje: contacto corporal, Presencia: animales",Terrestre / paisaje,Rostro 3/4,No,"Personaje principal: Dos brazos arriba: asevera, doble juramento; Personaje secundario: No; Otros personajes: No",De pie,Cuerpo entero,Sin donante,Inscripción,520x562,RGB,59.5,35.57,,,,,https://arca.uniandes.edu.co/obras/10920,PESSCA www.colonialart.org,Fallback
16436,Nuestra Señora de Guadalupe de Extremadura,Gregorio Vásquez de Arce y Ceballos,Óleo sobre tela,1600–1699,"Iglesia santa Bárbara, Bogotá, Colombia",Bogotá,Virgen de Guadalupe de Extremadura,Devoción,"Mariología, Advocación, Guadalupe de Extremadura","Cortinaje, Elementos arquitectónicos, Sombrero","Cetro, Luna","Edad: adulto, Edad: niñez, Escena: compuesta, Género femenino, Género masculino, Personaje colectivo, Personajes: sagrados, Presencia: niños",Terrestre / cortinaje,Frente,Cetro,"Personaje principal: No, Personaje secundario: Mano derecha tres dedos: bendición o pedir silencio, Otros personajes: Oro: pedir misericordia",De pie Alzando,Cuerpo entero,Monjas y/o clérigos,Inscripción,850x1200,RGB,285,44.81,,,,,https://arca.uniandes.edu.co/obras/16436,"Museo de Arte Colonial. Revelaciones, pintores de Santa Fe en tiempos de la colonia. Bogotá: 1989.",
2570,Baltasar reclama a Benjamín como su esclavo,Cristóbal de Villalpando,Óleo sobre tela,1700–1714,"Denver Art Museum, Denver, Estados Unidos","Ciudad de México, México","Historias del Pentateuco, Tribus de Israel",Historia,"Antiguo Testamento, Ciclo Pentateuco, Tribus de Israel","Esclavo, Habitación, Monarquía - realeza - rey, Pañuelo blanco, Riqueza, Túnica, Turbante","Cetro, Columna, Lágrima, Monedas","Edad: adulto, Edad: anciano, Escena: compuesta, Género femenino, Género masculino, Personaje colectivo, Personajes: profanos",Terrestre / interior casa-habitación,Perfil,No,"Personaje principal: Señalar con dedo: mando, orden, traicionar; Personaje secundario: Llorar: tristeza, sentimiento; Otros personajes: No",De pie,Cuerpo entero,Sin donante,Ninguna,3367x2464,RGB,2276.8,54.4,,,,,https://arca.uniandes.edu.co/obras/2570,"PIERCE, Donna, Rogelio Ruiz y Clara Bargellini. Paiting a New World. Denver: Denver Art Museum, 2005.",
26966,Cecilius Calvert con nieto y esclavo,Gerard Soest,Óleo sobre tela,1670,"Colección particular (Washington), Washington, Estados Unidos",Washington,Retrato de familias,Retrato,"Retrato, Retrato de familias, Grupo familiar","Cortinaje, Retrato simple, Sombrero",Cortinas,"Edad: adulto, Edad: niñez, Escena: simple, Género masculino, Personaje colectivo, Personajes: profanos, Presencia: niños",Terrestre / cortinaje,Rostro 3/4,Libro,"Personaje principal: Entregar algo, Personaje secundario: No, Otros personajes: No",De pie,Cuerpo entero,Sin donante,Ninguna,413x550,RGB,87.4,63.64,,,,,https://arca.uniandes.edu.co/obras/26966,Enoch Pratt Free Library (Registro Web),
4232,Señora Principal con su negra esclava,Vicente Albán,Óleo sobre tela,1783,"Museo de América, Madrid, España","Quito, Ecuador","Castas,  pintura de",Paisaje,"Temas seculares, Castas, Casta por razas y trajes","Esclavo, Negro - negritud, Paisaje, Platos - Vajilla","Árbol, Canasta, Cruz / crucifijo, Frutas / verduras, Joyas, Pájaro / aves, Palma del martirio","Edad: adulto, Escena: simple, Género femenino, Personaje colectivo, Personaje: contacto corporal, Personajes: profanos",Terrestre / paisaje,Frente,Alimento / pan,"Personaje principal: No, Personaje secundario: No, Otros personajes: No",De pie,Cuerpo entero,Sin donante,Cartela,3078x2220,RGB,2465.1,71.08,,,,,https://arca.uniandes.edu.co/obras/4232,"GARCÍA SAIZ, María Concepción. Las castas Mexicanas. Un género pictórico americano. Milan: Olivetti, 1989.",
11038,Mujer libre de color con sus hijos y sirvientes en un paisaje,Agostino Brunias,Óleo sobre tela,1770–1796,"Brooklyn Museum, Nueva York, Estados Unidos",Nueva York,"Escenas cotidianas música, paseo y diversión",Urbano,"Temas seculares; Escenas cotidiana; Cotidianas música, paseo y diversión","Camino, Colina / montaña, Esclavo, Negro - negritud, Paisaje, Pañuelo blanco, Plantas, Sombrero","Animales, Árbol, Cayado / Bastón, Cielo / paraíso, Collar, Niños, Perro","Edad: adulto, Edad: niñez, Escena: simple, Género femenino, Género masculino, Personaje colectivo, Personaje: desnudo parcial / total, Personajes: profanos, Presencia: animales, Presencia: niños",Terrestre / paisaje,Rostro 3/4,Objetos diversos,"Personaje principal: Mano a cintura:, Personaje secundario: Múltiples gestos, Otros personajes: No",De pie,Cuerpo entero,Sin donante,Ninguna,800x615,RGB,117.8,62.01,,,,,https://arca.uniandes.edu.co/obras/11038,www.brooklynmuseum.org,
8756,Vestimenta de escravas pedintes na Festa do Rosario,Carlos Juliao,Acuarela,1760–1811,"Biblioteca Nacional, Rio de Janeiro, Brasil",Rio de Janeiro,"Escenas cotidianas música, paseo y diversión",Urbano,"Temas seculares; Escenas cotidiana; Cotidianas música, paseo y diversión","Celebración, Costumbres, Esclavo, Negro - negritud, Pipa / cigarrillo, Pluma, Sombrero, Tintero y pluma","Cayado / Bastón, Descalzo, Manto","Edad: adolescencia-juventud, Edad: adulto, Escena: simple, Género femenino, Género masculino, Personaje colectivo, Personaje: desnudo parcial / total, Personajes: profanos",Terrestre / paisaje,Rostro 3/4,Objetos diversos,"Personaje principal: No, Personaje secundario: No, Otros personajes: No",De pie,Cuerpo entero,Sin donante,Ninguna,3204x2226,RGB,938.2,91.58,,,,,https://arca.uniandes.edu.co/obras/8756,"ARAUJO, Emanoel, et al. O universo mágico do barroco brasileiro. Sa~o Paulo: FIESP/CIESP/IRS, 1998.",
19864,Henry Darnall III,Justus Engelhardt Kunh,Óleo sobre tela,1710,"Maryland Center for History and Culture, Baltimore, Estados Unidos",Baltimore,Retrato de niños,Retrato,"Retrato, Retrato de niños, Retrato individual infantil, Infantil masculino","Cortinaje, Esclavo, Flechas, Muerte / sepulcro","Animales, Arco y carcaj, Ciudad, Jardín, Niños","Edad: niñez, Escena: simple, Género masculino, Personaje colectivo, Personajes: profanos, Presencia: niños",Terrestre / interior - paisaje,Rostro 3/4,Flecha,"Personaje principal: No, Personaje secundario: No, Otros personajes: No",De pie,Cuerpo entero,Sin donante,Ninguna,2358x3282,RGB,1212.1,59.48,,,,,https://arca.uniandes.edu.co/obras/19864,"Bjelajac, David (2005). American Art. A cultural history. New Jersey: Pearson Education.",
19873,La libertad inconforme con las artes y ciencias,Samuel Jennings,Óleo sobre tela,1792,"Library Company of Philadelphia, Filadelfia, Estados Unidos",Filadelfia,Ciencias y artes liberales,Alegoría/moral,"Alegorías y Emblemas, Alegorías académicas y seculares, Ciencias y artes liberales","Alegoría, Esclavo, Globo Terraqueo, Mapa / plano, Negro - negritud","Arpa, Barco, Columna, Escultura - estatua, Esfera / mundo, Libro, Ruinas","Edad: adulto, Escena: compuesta, Género masculino/femenino, Personaje colectivo, Personajes: sagrados y profanos",Terrestre / ciudad - poblado,Rostro 3/4,Libro,"Personaje principal: Múltiples gestos; Personaje secundario: Mano extendida pecho: aseverar; Otros personajes: Mano cabeza: angustia, tristeza",Sentado,Cuerpo entero,Sin donante,Varios iconotextos,3192x2647,RGB,1718.9,68.12,,,,,https://arca.uniandes.edu.co/obras/19873,"Bjelajac, David (2005). American Art. A cultural history. New Jersey: Pearson Education.",fallback
20628,"Vista del valle Roseau en isla dominica mostrando esclavos, indigenas y creoles",Agostino Brunias,Óleo sobre tela,1750–1796,"Herbery F. Johnson Museum of Art Cornell University, Ithaca, Estados Unidos",Ithaca,"Escenas cotidianas música, paseo y diversión",Urbano,"Temas seculares; Escenas cotidiana; Cotidianas música, paseo y diversión","Casa, Cotidianidad, Esclavo, Negro - negritud, Paisaje, Río, Sombrilla",Ninguno,"Edad: adolescencia-juventud, Edad: adulto, Edad: niñez, Escena: compuesta, Género masculino/femenino, Personaje colectivo, Personajes: profanos, Presencia: animales",Terrestre / paisaje,Rostro 3/4,Objetos diversos,"Personaje principal: Múltiples gestos, Personaje secundario: No, Otros personajes: No",De pie,Cuerpo entero,Sin donante,Ninguna,2365x1622,RGB,594.8,81.28,,,,,https://arca.uniandes.edu.co/obras/20628,"ASTE, Richard. Behind closed Doors. Art in the Spanish American home, 1492-1898. Brooklyn Museum, 2014.",
20629,"Mujeres, creoles y sivientes",Agostino Brunias,Óleo sobre tela,1770,"Museo Thyssen-Bornemisza, Madrid, España","Washington, Estados Unidos",Escenas cotidianas oficios y labores,Urbano,"Temas seculares, Escenas cotidiana, Cotidianas oficios y labores","Abanico, Esclavo, Negro - negritud, Paisaje",Árbol,"Edad: adolescencia-juventud, Edad: adulto, Escena: simple, Género femenino, Personaje colectivo, Personajes: profanos",Terrestre / paisaje,Rostro 3/4,Objetos diversos,"Personaje principal: No, Personaje secundario: No, Otros personajes: No",Sentado,Cuerpo entero,Sin donante,Ninguna,2263x3163,RGB,1574.3,71.91,,,,,https://arca.uniandes.edu.co/obras/20629,"ASTE, Richard. Behind closed Doors. Art in the Spanish American home, 1492-1898. Brooklyn Museum, 2014.",
20949,Alexander Contee Hanson y familia,Robert Edge Pine,Óleo sobre tela,1786,"Maryland Center for History and Culture, Baltimore, Estados Unidos",Baltimore,Retrato de familias,Retrato,"Retrato, Retrato de familias, Grupo familiar","Cotidianidad, Cuna, Esclavo, Familia","Animales, Árbol, Perro","Edad: adolescencia-juventud, Edad: adulto, Escena: compuesta, Género masculino/femenino, Personaje colectivo, Personaje: contacto corporal, Personajes: profanos, Presencia: animales, Presencia: niños",Sin definir - claroscuro,Rostro 3/4,No,"Personaje principal: No, Personaje secundario: No, Otros personajes: Compuesto: mano al pecho - mano abierta",De pie,Cuerpo entero,Sin donante,Ninguna,1437x1163,RGB,305.9,61.37,,,,,https://arca.uniandes.edu.co/obras/20949,"WEEKLEY, Carolyn J. Painters and paintings in the early American South. Williamsburg: The colonial Williamsburg Foundation and Yale University Press, 2013.",
26473,Aparición milagrosa de la Virgen del Rosario a un esclavo agonizante,Anónimo,Óleo sobre tela,1700–1799,"Iglesia santo Domingo de Guzmán, Ayacucho (Huamanga), Perú","Lima, Perú",Virgen del Rosario,Devoción,"Mariología, Advocación, Rosario, Rosario con santos o donante","Ángeles / querubines, Aparición","Cielo / paraíso, Custodia, Demonio, Enfermos / enfermedad, Espada, Nube, Paloma, Triángulo equilátero, Trinidad","Edad: adolescencia-juventud, Edad: adulto, Edad: niñez, Escena: compuesta, Género masculino/femenino, Personaje colectivo, Personajes: sagrados y profanos",Celeste / terrestre,Rostro 3/4,No,"Personaje principal: Compuesto: mano al pecho - mano abierta, Personaje secundario: Oro: pedir misericordia, Otros personajes: Múltiples gestos",De pie,Cuerpo entero,Sin donante,Cartela,970x649,RGB,226.6,79.27,FALSE,,,,https://arca.uniandes.edu.co/obras/26473,Fotografía Jaime Borja,fallback (no hay)
2131,Pareja de españoles,Anónimo,Óleo sobre tela,1770,"Museo Nacional de Antropología (Antes Museo Nacional de Etnología), Madrid, España","Lima, Perú","Castas,  pintura de",Paisaje,"Temas seculares, Castas, Casta por razas y trajes","Abanico, Esclavo, Negro - negritud, Paisaje, Riqueza","Árbol, Cruz / crucifijo, Joyas","Edad: adulto, Escena: simple, Género femenino, Género masculino, Personaje colectivo, Personaje: contacto corporal, Personajes: profanos",Terrestre / paisaje,Rostro 3/4,Escopeta /mosquete,"Personaje principal: Mano abierta, girada: proferir razones; Personaje secundario: No; Otros personajes: No",De pie,Cuerpo tres cuartos,Sin donante,Inscripción,3174x2490,RGB,3043.6,66.45,,,,,https://arca.uniandes.edu.co/obras/2131,"MUJICA, Ramón et al. El Barroco peruano. Lima: Banco de Crédito, 2002.",
6254,Don Sebastián Escudero y su esposa Doña Juliana Merlier,Anónimo,Óleo sobre tela,1720–1770,"Colección C. Larco, Perú (sin ubicación), Perú","Trujillo, Perú","Parejas, pintura de",Retrato,"Retrato, Retrato de familias, Parejas","Esclavo, Negro - negritud, Sombrero, Tintero y pluma",Joyas,"Edad: adulto, Escena: simple, Género masculino/femenino, Personaje colectivo, Personajes: profanos",Sin definir,Rostro 3/4,Sombrero / indumentaria,"Personaje principal: Compuesto: mano bendice - otra pecho, Personaje secundario: No, Otros personajes: No",De pie,Cuerpo entero,Sin donante,Ninguna,1610x1924,RGB,257.4,75.79,,,,,https://arca.uniandes.edu.co/obras/6254,"MESA, José de  y Teresa Gisbert. Historia de la pintura cuzqueña. Lima: Fundación Augusto N. Wiese, Banco Wiese, 1982.",fallback
6593,Engenho,Frans Post,Óleo sobre tela,1661,"Colección particular (Rio de Janeiro), Rio de Janeiro, Brasil",Rio de Janeiro,Escenas cotidianas rurales e indígenas,Paisaje,"Temas seculares, Escenas cotidiana, Cotidianas rurales e indígenas","Camino, Costumbres, Cotidianidad, Esclavo, Naturaleza, Negro - negritud, Oficio / trabajo, Tambor","Árbol, Ciudad, Instrumentos musicales, Niños","Edad: adolescencia-juventud, Edad: niñez, Escena: simple, Género femenino, Género masculino, Personaje colectivo, Personaje: contacto corporal, Personaje: desnudo parcial / total, Personajes: profanos",Terrestre / ciudad - poblado,Rostro 3/4,Objetos diversos,"Personaje principal: No, Personaje secundario: No, Otros personajes: No",De pie,Cuerpo entero,Sin donante,Ninguna,1058x654,RGB,256.7,56.41,,,,,https://arca.uniandes.edu.co/obras/6593,"BARDI, Pietro Maria. Arte No Brasil. São Paulo: Livros Abril, 1982.",
10664,Niño asfixiado por el vicario y salvado por Nuestra Señora,Diego José Hilaris,Óleo sobre madera,1760–1790,"Catedral santuario Nuestra señora de Altagracia, Higüey, República Dominicana",Higüey,Milagros de la Virgen,Historia,"Historia, Historia eclesiástica, Milagros, Milagros de la Virgen","Curación, Esclavo, Milagro","Devoción, Enfermos / enfermedad, Sacerdote","Edad: adulto, Escena: simple, Género masculino/femenino, Personaje colectivo, Personajes: sagrados y profanos, Presencia: niños",Terrestre / interior casa-habitación,Rostro 3/4,No,"Personaje principal: Compuesto: pecho extendida vertical, Personaje secundario: No, Otros personajes: No",De pie,Cuerpo entero,Sin donante,Ninguna,1790x2275,RGB,388.2,88.37,,,,,https://arca.uniandes.edu.co/obras/10664,"AA.VV. De oficio pintor: arte colonial venezolano. Colección Patricia Phelps de Cisneros. Caracas: Fundación Cisneros, 2007.",
11316,Vieja plantación,John Rose,Óleo sobre tela,1775,"The Colonial Williamsburg Foundation, Williamsburg, Estados Unidos",Williamsburg,"Escenas cotidianas música, paseo y diversión",Urbano,"Temas seculares; Escenas cotidiana; Cotidianas música, paseo y diversión","Botella, Costumbres, Cotidianidad, Cultivo / huerto, Danza, Esclavo, Negro - negritud, Oficio / trabajo, Sombrero","Árbol, Instrumentos musicales","Edad: adulto, Escena: simple, Género femenino, Género masculino, Personaje colectivo, Personaje: contacto corporal, Personajes: profanos",Terrestre / ciudad - poblado,Rostro 3/4,Objetos diversos,"Personaje principal: No, Personaje secundario: No, Otros personajes: No",De pie,Cuerpo entero,Sin donante,Ninguna,1422x911,RGB,466,70.86,,,,,https://arca.uniandes.edu.co/obras/11316,www.google.com/culturalinstitute/,
13294,Devoción de don Manuel de Salzes y doña Francisca Infante,Anónimo,Óleo sobre tela,1767,"Museo Nacional de Bellas Artes, Santiago, Chile","La Paz, Bolivia",Retrato de familias,Retrato,"Retrato, Retrato de familias, Grupo familiar","Ángeles / querubines, Esclavo, Familia, Túnica","Altar, Báculo, Cetro, Collar, Columna, Corona, Flores, Luna","Edad: adolescencia-juventud, Edad: adulto, Edad: niñez, Escena: compuesta, Género masculino/femenino, Personaje colectivo, Personaje: contacto corporal, Personajes: profanos, Presencia: niños",Terrestre / interior casa-habitación,Rostro 3/4,No,"Personaje principal: Oro: pedir misericordia, Personaje secundario: No, Otros personajes: No",Arrodillado,Cuerpo entero,Donante por el nombre,Cartela,514x650,RGB,143.1,59.24,,,,,https://arca.uniandes.edu.co/obras/13294,www.surdoc.cl,
19863,Capitán de mar de juerga en Surinam,John Greenwood,Óleo sobre lámina / cobre / zinc,1758,"Robert Simon Fine Art, Nueva York, Estados Unidos","Saint Louis, Estados Unidos",Escenas cotidianas marítimas,Urbano,"Temas seculares, Escenas cotidiana, Cotidianas marítimas","Celebración, Cotidianidad, Esclavo, Fiesta/diversión, Militar, Tiendas de campaña","Instrumentos musicales, Perro, Vela / cirio","Edad: adolescencia-juventud, Edad: adulto, Escena: compuesta, Género masculino, Personaje colectivo, Personajes: profanos",Terrestre / interior casa-habitación,Rostro 3/4,Objetos diversos,"Personaje principal: Múltiples gestos, Personaje secundario: No, Otros personajes: No",De pie,Cuerpo entero,Sin donante,Ninguna,4014x2022,RGB,1155.1,54.83,,,,,https://arca.uniandes.edu.co/obras/19863,"Bjelajac, David (2005). American Art. A cultural history. New Jersey: Pearson Education.",
2373,San Juan de Dios muestra el camino de la salvación a las prostitutas de Granada,Luis Berrueco,Óleo sobre tela,1743,"Hospital san Juan de Dios, Atlixco, México",Atlixco,"Juan de Dios, san",Vida,"Santos, Santos Masculinos, Fundadores, Juan de Dios, Juan de Dios escenas de vida","Cama, Cotidianidad, Esclavo, Habitación, Negro - negritud","Cruz / crucifijo, Espejo, Herida / llaga, Instrumentos musicales","Edad: adulto, Escena: compuesta, Género masculino/femenino, Personaje colectivo, Personaje: desnudo parcial / total, Personajes: sagrados y profanos",Terrestre / interior casa-habitación,Rostro 3/4,Cruz,"Personaje principal: Llorar: tristeza, sentimiento; Personaje secundario: Palmas extendidas frente hombros: bendición; Otros personajes: Oro: pedir misericordia",Arrodillado,Cuerpo entero,Sin donante,Cartela,2359x2255,RGB,1176.9,45.06,,,,,https://arca.uniandes.edu.co/obras/2373,"ASTE, Richard. Behind closed Doors. Art in the Spanish American home, 1492-1898. Brooklyn Museum, 2014.",
6587,Paisagem Rural det,Frans Post,Óleo sobre madera,1630–1670,"Colección Maria Luiza Americano, São Paulo, Brasil",São Paulo,Paisaje,Paisaje,"Temas seculares, Paisaje","Costumbres, Cotidianidad, Cultivo / huerto, Esclavo, Naturaleza, Negro - negritud, Oficio / trabajo, Paisaje, Sombrero","Árbol, Niños, Palma del martirio","Edad: adulto, Edad: niñez, Escena: simple, Género femenino, Género masculino, Personaje colectivo, Personajes: profanos, Presencia: niños",Terrestre / ciudad - poblado,No aplica,No,"Personaje principal: No, Personaje secundario: No, Otros personajes: No",No aplica,No aplica,Sin donante,Ninguna,1104x614,RGB,231,56.69,,,,,https://arca.uniandes.edu.co/obras/6587,"BARDI, Pietro Maria. Arte No Brasil. São Paulo: Livros Abril, 1982.",
6588,Casa señorial construção,Frans Post,Óleo sobre madera,1630–1670,"Colección particular (São Paulo), São Paulo, Brasil",São Paulo,Paisaje,Paisaje,"Temas seculares, Paisaje","Camino, Cotidianidad, Esclavo, Madera, Negro - negritud, Paisaje","Árbol, Canasta, Cielo / paraíso, Descalzo, Niños, Nube, Pájaro / aves","Edad: adulto, Edad: niñez, Escena: simple, Género femenino, Género masculino, Personaje colectivo, Personaje: contacto corporal, Personajes: profanos, Presencia: niños",Terrestre / paisaje,No aplica,No,"Personaje principal: No, Personaje secundario: No, Otros personajes: No",No aplica,No aplica,Sin donante,Ninguna,998x708,RGB,196.4,78.57,,,,,https://arca.uniandes.edu.co/obras/6588,"BARDI, Pietro Maria. Arte No Brasil. São Paulo: Livros Abril, 1982.",
11054,Paseo a orillas del río Rímac,Anónimo,Óleo sobre tela,1780–1805,"Brooklyn Museum, Nueva York, Estados Unidos","Lima, Perú","Escenas cotidianas música, paseo y diversión",Urbano,"Temas seculares; Escenas cotidiana; Cotidianas música, paseo y diversión","Celebración, Cotidianidad, Esclavo, Jarra, Naturaleza, Paisaje, Río, Sombrero","Árbol, Caballo, Puente","Edad: adulto, Edad: niñez, Escena: simple, Género femenino, Género masculino, Personaje colectivo, Personaje: contacto corporal, Personaje: desnudo parcial / total, Personajes: profanos, Presencia: animales, Presencia: niños",Terrestre / paisaje,Rostro 3/4,Objetos diversos,"Personaje principal: No, Personaje secundario: Múltiples gestos, Otros personajes: No",De pie,Cuerpo entero,Sin donante,Ninguna,4758x3462,RGB,6130.4,60.64,,,,,https://arca.uniandes.edu.co/obras/11054,www.brooklynmuseum.org,
11222,Familia Washington,Edward Savage,Grabado,1780,"Dallas Museum of Art (Dallas), Charleston, Estados Unidos","Dallas, Estados Unidos",Retrato de familias,Retrato,"Retrato, Retrato de familias, Grupo familiar","Cortinaje, Esclavo, Globo Terraqueo, Mapa / plano, Mesa, Sombrero, Telas, Tintero y pluma","Árbol, Columna, Esfera / mundo, Flores, Instrumentos científicos","Edad: adolescencia-juventud, Edad: adulto, Edad: niñez, Escena: simple, Género masculino/femenino, Personaje colectivo, Personajes: profanos, Presencia: niños",Terrestre / interior - paisaje,Rostro 3/4,Abanico,"Personaje principal: No, Personaje secundario: No, Otros personajes: No",Sentado,Cuerpo entero,Sin donante,Inscripción,800x654,RGB,102.1,71.06,,,,,https://arca.uniandes.edu.co/obras/11222,https://dma.org/art/collection,
13261,Traje de una señora de La Plata para ir a la Iglesia,Anónimo,Óleo sobre tela,1700–1799,"Colección T. Crombie, Londres, Reino Unido","Sucre, Bolivia","Castas,  pintura de",Paisaje,"Temas seculares, Castas, Casta por razas y trajes","Cotidianidad, Esclavo, Flauta, Iglesia - templo, Negro - negritud, Telas","Altar, Cielo / paraíso, Edificación / iglesia, Joyas, Manto","Edad: adulto, Escena: simple, Género femenino, Personaje colectivo, Personajes: profanos",Terrestre / ciudad - poblado,Rostro 3/4,Abanico,"Personaje principal: No, Personaje secundario: No, Otros personajes: No",De pie,Cuerpo entero,Sin donante,Inscripción,1114x1402,RGB,687.2,86.94,,,,,https://arca.uniandes.edu.co/obras/13261,www.latinamericanart.com/,
23303,Español y mestiza castiza,Buenaventura José Guiol,Óleo sobre tela,1777,"Colección particular (Montevideo), Montevideo, Uruguay","Ciudad de México, México","Castas,  pintura de",Paisaje,"Temas seculares, Castas, 02 castiza - mestiza español","Cotidianidad, Esclavo, Familia, Juguetes, Negro - negritud, Oficio / trabajo",Reloj,"Edad: adulto, Edad: niñez, Escena: simple, Género masculino/femenino, Personaje colectivo, Personajes: profanos",Terrestre / interior casa-habitación,Rostro 3/4,Juguete / Juego,"Personaje principal: Entregar algo, Personaje secundario: Compuesto: palma frente - Abajo arriba, Otros personajes: No",De pie,Cuerpo entero,Sin donante,Inscripción,771x876,RGB,140.4,39.07,,,,,https://arca.uniandes.edu.co/obras/23303,Jaime Eguiguren Art & Antiques: https://jaimeeguiguren.com/,
26964,Elihu Yale segundo duque de Devonshire,Anónimo,Óleo sobre tela,1708,"Yale Center for British Art, New Haven, Estados Unidos",,Retrato de familias,Retrato,"Retrato, Retrato de familias, Grupo familiar","Esclavo, Mesa, Paisaje, Retrato simple, Reunión","Árbol, Copa / Cáliz, Edificación / iglesia, Viñedo / vino","Edad: adolescencia-juventud, Edad: adulto, Escena: simple, Género femenino, Género masculino, Personaje colectivo, Personajes: profanos",Terrestre / interior - paisaje,Rostro 3/4,No,"Personaje principal: No, Personaje secundario: No, Otros personajes: No",Sentado,Cuerpo tres cuartos,Sin donante,Ninguna,763x670,RGB,155.5,45.31,,,,,https://arca.uniandes.edu.co/obras/26964,"LUGO ORTIZ. Agnes & ROSENTHAL, Angela. Slave Portraiture in the Atlantic World. Cambridge, 2013.",
12743,Familia Washington,Edward Savage,Óleo sobre tela,1789–1796,"National Gallery of Art, Washington, Estados Unidos",Washington,Retrato de familias,Retrato,"Retrato, Retrato de familias, Grupo familiar","Cortinaje, Documento, Esclavo, Familia, Globo Terraqueo, Mapa / plano, Mar, Mesa, Militar, Telas","Columna, Cortinas, Esfera / mundo, Espada, Instrumentos científicos, Niños","Edad: adolescencia-juventud, Edad: adulto, Edad: niñez, Escena: compuesta, Género masculino/femenino, Personaje colectivo, Personajes: profanos, Presencia: niños",Terrestre / interior - paisaje,Rostro 3/4,Abanico,"Personaje principal: No, Personaje secundario: No, Otros personajes: No",Sentado,Cuerpo entero,Sin donante,Ninguna,1600x1195,RGB,292.8,68.77,,,,,https://arca.uniandes.edu.co/obras/12743,www.nga.gov/content/ngaweb/Collection,
23264,Cristo negro de Esquipulas,Anónimo,Óleo sobre tela,1700–1799,"Colección particular (Montevideo), Montevideo, Uruguay","Guatemala, Guatemala",Devociones de la pasión,Devoción,"Cristológico, Ciclo Pasión, Viacrucis, Crucifixión, Devociones al crucificado, Otras devociones crucifixión","Alegoría, Ángeles / querubines, Cortinaje, Cuchillo / daga, Paisaje","Copa / Cáliz, Cordero, Cruz / crucifijo","Edad: adulto, Escena: simple, Género masculino/femenino, Personaje colectivo, Personaje: desnudo parcial / total, Personajes: sagrados, Presencia: animales",Terrestre / paisaje,Rostro 3/4,No,"Personaje principal: No, Personaje secundario: Ploro: condolerse, Otros personajes: Compuesto: mano al pecho - mano abierta",Elevación,Cuerpo entero,Sin donante,Ninguna,708x941,RGB,147.1,54.73,,,,,https://arca.uniandes.edu.co/obras/23264,Jaime Eguiguren Art & Antiques: https://jaimeeguiguren.com/,
26130,De Negro e India nace Lova,Anónimo,Óleo sobre tela,1785–1790,"Palacio de Cultura Citibanamex, Ciudad de México, México",Ciudad de México,"Castas,  pintura de",Paisaje,"Temas seculares, Castas, 12 lobo - india negra mulato",Oficio / trabajo,"Canasta, Vasija","Edad: adulto, Edad: niñez, Escena: simple, Personajes: profanos, Presencia: niños",Terrestre / paisaje,Rostro 3/4,Canasta,"Personaje principal: Entregar algo, Personaje secundario: No, Otros personajes: No",De pie inclinado,Cuerpo entero,Sin donante,Cartela,3084x2376,RGB,1131.5,45.01,,,,,https://arca.uniandes.edu.co/obras/26130,Fotografía Jaime Borja,
1652,De Español y Negro Mulata,Anónimo,Óleo sobre lámina / cobre / zinc,1750,"Museo de América, Madrid, España","Ciudad de México, México","Castas,  pintura de",Paisaje,"Temas seculares, Castas, 05 mulato - español negra","Alacena, Caldero / olla, Cocina, Cubiertos, Jarra, Negro - negritud, Oficio / trabajo, Platos - Vajilla, Sombrero","Frutas / verduras, Puerta, Vasija","Edad: adulto, Edad: niñez, Escena: simple, Género femenino, Género masculino, Personaje colectivo, Personaje: contacto corporal, Personajes: profanos, Presencia: niños",Terrestre / interior casa-habitación,Rostro 3/4,Alimento / pan,"Personaje principal: Entregar algo, Personaje secundario: Palma izquierda abierta abajo: perspicacia, Otros personajes: No",De pie,Cuerpo entero,Sin donante,Inscripción,727x562,RGB,130.2,46.68,,,,,https://arca.uniandes.edu.co/obras/1652,www.mecd.gob.es/museodeamerica/colección/,
3484,Español y Alvina Negro Torna atrás,Anónimo,Óleo sobre lámina / cobre / zinc,1775,"Museo de América, Madrid, España","Ciudad de México, México","Castas,  pintura de",Paisaje,"Temas seculares, Castas, 10 tornatrás - español albina","Abanico, Negro - negritud, Sombrero","Capa, Joyas, Niños","Edad: adulto, Edad: niñez, Escena: simple, Género femenino, Género masculino, Personaje colectivo, Personaje: contacto corporal, Personajes: profanos, Presencia: niños",Terrestre / interior casa-habitación,Rostro 3/4,No,"Personaje principal: Llevar de la mano: cuidar débiles, Personaje secundario: No, Otros personajes: No",Sentado alzando,Cuerpo entero,Sin donante,Inscripción,1869x1410,RGB,582.1,51.1,,,,,https://arca.uniandes.edu.co/obras/3484,"GARCÍA SAIZ, María Concepción. Las castas Mexicanas. Un género pictórico americano. Milan: Olivetti, 1989.",
3584,"De Española y Negro, Mulato",José de Alfaro,Óleo sobre tela,1787,"Colección particular (CdMx), Ciudad de México, México",Ciudad de México,"Castas,  pintura de",Paisaje,"Temas seculares, Castas, 05 mulato - español negra","Comida, Negro - negritud, Paisaje, Platos - Vajilla, Sombrero","Árbol, Joyas, Niños","Edad: adulto, Edad: niñez, Escena: simple, Género femenino, Género masculino, Personaje colectivo, Personaje: contacto corporal, Personajes: profanos, Presencia: niños",Terrestre / paisaje,Rostro 3/4,Alimento / pan,"Personaje principal: Entregar algo, Personaje secundario: No, Otros personajes: No",De pie,Cuerpo entero,Sin donante,Inscripción,1600x1251,RGB,567.4,52.74,,,,,https://arca.uniandes.edu.co/obras/3584,"GARCÍA SAIZ, María Concepción. Las castas Mexicanas. Un género pictórico americano. Milan: Olivetti, 1989.",
8758,Coroacão de um rei negro nos festejos de reis,Carlos Juliao,Acuarela,1775,"Biblioteca Nacional, Rio de Janeiro, Brasil",Rio de Janeiro,"Escenas cotidianas música, paseo y diversión",Urbano,"Temas seculares; Escenas cotidiana; Cotidianas música, paseo y diversión","Celebración, Corona - coronación, Danza, Guitarra, Monarquía - realeza - rey, Pluma, Procesión, Sombrilla, Tambor, Tintero y pluma, Tocado","Báculo, Capa, Capa real o de armiño, Cayado / Bastón, Corona, Instrumentos musicales, Niños","Edad: adulto, Edad: niñez, Escena: simple, Género masculino, Personaje colectivo, Personajes: profanos, Presencia: niños",Terrestre otro,Rostro 3/4,Objetos diversos,"Personaje principal: No, Personaje secundario: No, Otros personajes: No",De pie,Cuerpo entero,Sin donante,Ninguna,2454x1380,RGB,370.4,83.77,,,,,https://arca.uniandes.edu.co/obras/8758,"ARAUJO, Emanoel, et al. O universo mágico do barroco brasileiro. Sa~o Paulo: FIESP/CIESP/IRS, 1998.",Muy mala resolución
8760,Rei e rainha negros na festa de reis,Carlos Juliao,Acuarela,1775,"Biblioteca Nacional, Rio de Janeiro, Brasil",Rio de Janeiro,"Escenas cotidianas música, paseo y diversión",Urbano,"Temas seculares; Escenas cotidiana; Cotidianas música, paseo y diversión","Bandera, Celebración, Conmemoración, Costumbres, Monarquía - realeza - rey, Negro - negritud, Pluma, Procesión, Reina, Sombrilla, Tintero y pluma, Tocado","Cetro, Corona, Instrumentos musicales, Niños, Trompeta","Edad: adulto, Edad: niñez, Escena: simple, Género femenino, Género masculino, Personaje colectivo, Personaje: contacto corporal, Personajes: profanos, Presencia: niños",Terrestre otro,Rostro 3/4,Objetos diversos,"Personaje principal: No, Personaje secundario: No, Otros personajes: No",De pie,Cuerpo entero,Sin donante,Ninguna,1638x1200,RGB,702.7,73.15,,,,,https://arca.uniandes.edu.co/obras/8760,"ARAUJO, Emanoel, et al. O universo mágico do barroco brasileiro. Sa~o Paulo: FIESP/CIESP/IRS, 1998.",Muy mala resolución
12220,Retrato de marinero negro (¿Paul Cuffe?),Anónimo,Óleo sobre tela,1800,"Los Angeles County Museum of Art, Los Angeles, Estados Unidos",Los Angeles,Retrato masculino con exterior,Retrato,"Retrato, Retrato masculino, Europeos y criollos, Laicos, Laico en escenario exterior","Mar, Negro - negritud, Paisaje",Barco,"Edad: adulto, Escena: simple, Género masculino, Personaje individual, Personajes: profanos",Terrestre / paisaje,Frente,No,"Personaje principal: No, Personaje secundario: No, Otros personajes: No",De pie,Cuerpo medio,Sin donante,Ninguna,2300x2884,RGB,647.5,78.39,,,,,https://arca.uniandes.edu.co/obras/12220,www.collections.lacma.org,
23304,China y negro genizara,Buenaventura José Guiol,Óleo sobre tela,1777,"Colección particular (Montevideo), Montevideo, Uruguay","Ciudad de México, México","Castas,  pintura de",Paisaje,"Temas seculares, Castas, 22 Genizaro - barcino sambaiga","Comida, Cotidianidad, Familia, Oficio / trabajo, Pelea, Platos - Vajilla",Ninguno,"Edad: adulto, Edad: niñez, Escena: simple, Género masculino/femenino, Personaje colectivo, Personaje: contacto corporal, Personajes: profanos",Terrestre / interior casa-habitación,Rostro 3/4,Pájaro,"Personaje principal: No, Personaje secundario: Agarra: acción de autoridad, Otros personajes: No",De pie,Cuerpo entero,Sin donante,Inscripción,774x878,RGB,121.2,46.92,,,,,https://arca.uniandes.edu.co/obras/23304,Jaime Eguiguren Art & Antiques: https://jaimeeguiguren.com/,
3532,"De Alvina i Español sale Negro torna atrás. Alvina 1, Español 2, Negro torna atrás 3",Anónimo,Óleo sobre tela,1700–1799,"Colección particular (CdMx), Ciudad de México, México",Ciudad de México,"Castas,  pintura de",Paisaje,"Temas seculares, Castas, 10 tornatrás - español albina","Cotidianidad, Familia, Naturaleza, Negro - negritud, Paisaje, Sombrero","Agua, Árbol, Flores, Fuente / pila, Jardín, Joyas, Niños, Pájaro / aves","Edad: adulto, Edad: niñez, Escena: simple, Género femenino, Género masculino, Personaje colectivo, Personaje: contacto corporal, Personajes: profanos, Presencia: animales, Presencia: niños",Terrestre / paisaje,Rostro 3/4,No,"Personaje principal: No, Personaje secundario: Mano extendida pecho: aseverar, Otros personajes: No",De pie Alzando,Cuerpo entero,Sin donante,Inscripción,1673x1404,RGB,715.5,67.31,,,,,https://arca.uniandes.edu.co/obras/3532,"GARCÍA SAIZ, María Concepción. Las castas Mexicanas. Un género pictórico americano. Milan: Olivetti, 1989.",
11591,Retrato de niña con gato negro,Ammi Phillips,Óleo sobre tela,1814,"Amon Carter Museum of American Art, Forth Worth, Estados Unidos",Forth Worth,Retrato de niños,Retrato,"Retrato, Retrato de niños, Retrato individual infantil, Infantil femenino","Cortinaje, Habitación, Telas","Animales, Cortinas, Gato, Libro, Niños, Silla / trono","Edad: niñez, Escena: simple, Género femenino, Personaje individual, Personajes: profanos, Presencia: animales, Presencia: niños",Terrestre / interior casa-habitación,Rostro 3/4,Gato,"Personaje principal: No, Personaje secundario: No, Otros personajes: No",Sentado,Cuerpo tres cuartos,Sin donante,Ninguna,1000x1210,RGB,231.5,63.94,,,,,https://arca.uniandes.edu.co/obras/11591,www.google.com/culturalinstitute/,fallback (gato negro)
23587,África,Anónimo,Óleo sobre tela,1800–1825,"Colección particular (Madrid), Madrid, España","Ciudad de México, México","Estaciones, continentes y países",Alegoría/moral,"Alegorías y Emblemas; Alegorías académicas y seculares; Estaciones, continentes y países","África, Naturaleza, Negro - negritud, Paisaje","León, Palmera","Edad: adulto, Escena: simple, Género femenino, Personaje colectivo, Personajes: profanos, Presencia: animales",Terrestre / paisaje,Rostro 3/4,Animal otros,"Personaje principal: Entregar algo, Personaje secundario: No, Otros personajes: No",Sentado,Cuerpo entero,Sin donante,Ninguna,629x464,RGB,51.8,72.16,,,,,https://arca.uniandes.edu.co/obras/23587,https://www.alcalasubastas.es/es,
5767,Hijo redentor del mundo,Anónimo,Óleo sobre tela,1700–1799,"Colección Gustavo Adolfo Marrupe, Salta, Argentina",Salta,Alegorías de la Virgen y la inmaculada,Alegoría/moral,"Alegorías y Emblemas, Alegorías marianas, Alegorías de la Virgen","África, América, Ángeles / querubines, Asia, Cuatro continentes, Europa, Flechas, Paisaje, Tintero y pluma, Túnica","Aureola de rayos o luz, Cruz / crucifijo, Esfera / mundo, Estrella, Incensario, Manto, Nube, Sangre, Trinidad","Edad: adulto, Escena: compuesta, Género masculino/femenino, Imagen dentro de la imagen, Personaje colectivo, Personajes: sagrados",Escenario simbólico,Rostro 3/4,No,"Personaje principal: Compuesto: mano al pecho - mano abierta; Personaje secundario: Manos/brazos cruzadas pecho; Otros personajes: Brazos a los lados: satisfacer, solicitar, rogar",De pie,Cuerpo medio,Sin donante,Ninguna,658x892,RGB,216.3,49.93,,,,,https://arca.uniandes.edu.co/obras/5767,PESSCA www.colonialart.org,
5776,Virgen alabada,Marcos Zapata,Óleo sobre tela,1755,"Catedral Virgen de la Asunción, Cuzco, Perú",Cuzco,Alegorías de la Virgen y la inmaculada,Alegoría/moral,"Alegorías y Emblemas, Alegorías marianas, Alegorías de la Virgen","África, Alegoría, América, Asia, Cuatro continentes, Europa","Anagrama, Caballo, Carro de triunfo, Cayado / Bastón, Cetro, Corona, Esfera / mundo, Halo de luz, Incensario, Instrumentos musicales, Manto, Niños, Nube, Ofrenda","Edad: adulto, Escena: compuesta, Género femenino, Género masculino, Personaje colectivo, Personajes: sagrados, Presencia: animales",Escenario simbólico,Rostro 3/4,Cetro,"Personaje principal: No; Personaje secundario: Soster cabeza con palma: melancolía; Otros personajes: Mano abierta sobre corazón: afirmar testimonio, jura",De pie,Cuerpo entero,Sin donante,Varios iconotextos,825x996,RGB,250.2,71.17,,,,,https://arca.uniandes.edu.co/obras/5776,PESSCA www.colonialart.org,
15460,Poder del Rosario,Manuel de Samaniego,Óleo sobre tela,1780–1820,"Convento dominico santa Catalina de Siena, Quito, Ecuador",Quito,Alegorías de la Virgen y la inmaculada,Alegoría/moral,"Alegorías y Emblemas, Alegorías marianas, Alegorías de la Virgen","África, América, Ángeles / querubines, Asia, Cuatro continentes, Dominicos, Europa, Ojos vendados, Tintero y pluma","Aureola, Aureola de rayos o luz, Azucenas, Cetro, Cielo / paraíso, Corazón, Corazón flameante, Corona, Corona de espinas, Cruz / crucifijo, Demonio, Esfera / mundo, Estigma, Flores, Fuego, Herida / llaga, Incensario, Libro, Luna, Manto, Manzana, Nube, Ofrenda, Pájaro / aves, Paloma, Rosario, Serpiente, Trigo, Trinidad","Edad: adulto, Edad: anciano, Escena: compuesta, Género femenino, Género masculino, Personaje colectivo, Personaje: desnudo parcial / total, Personajes: sagrados y profanos",Celeste / terrestre,Rostro 3/4,Cruz,"Personaje principal: Mano abajo indica: señalar; Personaje secundario: Mano abierta sobre corazón: afirmar testimonio, jura; Otros personajes: Palma arriba extendida: no posee nada",De pie,Cuerpo entero,Sin donante,Ninguna,600x923,RGB,120.4,62,,,,,https://arca.uniandes.edu.co/obras/15460,PESSCA www.colonialart.org,
15613,Mujer Africana,Albert Eckout,Óleo sobre tela,1630–1655,"Museo Nacional de Dinamarca, Copenhague, Dinamarca","Salvador de Bahía, Brasil",Escenas cotidianas rurales e indígenas,Historia,"Temas seculares, Escenas cotidiana, Cotidianas rurales e indígenas","Comida, Mar, Negro - negritud","Barco, Flores, Frutas / verduras, Pájaro / aves, Palmera","Edad: adulto, Escena: simple, Género masculino/femenino, Personaje colectivo, Personajes: profanos",Terrestre / paisaje,Frente,Fruta,"Personaje principal: Acariciar cabeza: humor, afecto; Personaje secundario: No; Otros personajes: No",De pie,Cuerpo entero,Sin donante,Ninguna,673x1024,RGB,190.1,81.25,,,,,https://arca.uniandes.edu.co/obras/15613,www.commons.wikimedia.org/wiki/.,
26970,Hombre africano,Albert Eckout,Óleo sobre tela,1641,"Museo Nacional de Dinamarca, Copenhague, Dinamarca","Recife, Brasil",Hombres Indígenas,Retrato,"Historia, Historia de los indígenas, Costumbres","Desnudo, Lanza, Naturaleza, Paisaje","Descalzo, Palmera","Edad: adulto, Género masculino, Género masculino/femenino, Personaje: desnudo parcial / total, Personaje individual, Personajes: profanos",Terrestre / paisaje,Rostro 3/4,Lanza / Albarda,"Personaje principal: No, Personaje secundario: No, Otros personajes: No",De pie,Cuerpo entero,Sin donante,Ninguna,800x1327,RGB,422.4,68.85,,,,,https://arca.uniandes.edu.co/obras/26970,Wikimedia,
5799,Espejo de virtudes y los cuatro continentes,Anónimo,Óleo sobre tela,1700–1799,"Museo de Arte de Lima, MALI, Lima, Perú",Lima,Zodiaco,Alegoría/moral,"Alegorías y Emblemas, Alegorías cristológicas, Zodiaco","África, América, Ángeles / querubines, Asia, Astrología / zodiaco, Europa, Vaca","Águila, Animales, Cordero, Esfera / mundo, Espejo, León, Luna, Paloma, Rayo / trueno, Rompimiento de gloria, Sol, Trinidad, Vicios y virtudes","Edad: adulto, Escena: compuesta, Personaje colectivo, Personajes: sagrados y profanos, Presencia: animales",Escenario simbólico,Rostro 3/4,No,"Personaje principal: Protegerse con brazo:; Personaje secundario: Dos manos al frente: rechazo, odio; Otros personajes: No",De pie,Cuerpo entero,Sin donante,Ninguna,753x1044,RGB,192.1,74.74,,,,,https://arca.uniandes.edu.co/obras/5799,PESSCA www.colonialart.org,
3664,América representada por una india en una alegoría mariana,Anónimo,Óleo sobre tela,1700–1799,"Iglesia santa María de la Asunción Tepapayeca, Izúcar de Matamoros, México",Izúcar de Matamoros,"Estaciones, continentes y países",Alegoría/moral,"Alegorías y Emblemas; Alegorías académicas y seculares; Estaciones, continentes y países","África, América, Ángeles / querubines, Asia, Camello, Cuatro continentes, Europa, Partitura, Tintero y pluma","Anagrama, Caballo, Cayado / Bastón, Cetro, Corona, Cruz / crucifijo, Elefante, Esfera / mundo, Halo de luz, Instrumentos musicales, Libro, Manto, Nube, Pájaro / aves, Paloma, Trinidad","Edad: adulto, Escena: compuesta, Género masculino/femenino, Personaje colectivo, Personajes: sagrados y profanos",Celeste / terrestre,Frente,Libro,"Personaje principal: No; Personaje secundario: Compuesto: dos abiertas al frente; Otros personajes: Mano abierta sobre corazón: afirmar testimonio, jura",Sentado,Cuerpo entero,Sin donante,Cinta,2701x2915,RGB,2002.2,45.94,,,,,https://arca.uniandes.edu.co/obras/3664,"VARGAS LUGO, Elisa. Imágenes de los naturales en el arte de la Nueva España. Siglos XVI al XVIII. México: Fomento Cultural Banamex, 2005.",
8548,Sibila Tiburtina,Anónimo,Óleo sobre tela,1700–1799,"Iglesia san Pedro González Telmo, Buenos Aires, Argentina",Buenos Aires,Sibilas,Alegoría/moral,"Alegorías y Emblemas, Alegorías cristológicas, Sibilas","Arco o marco de flores, Imagen en la imagen, Medallas e insignias, Turbante","Corona de flores, Joyas","Edad: adulto, Escena: simple, Género masculino/femenino, Personaje individual, Personajes: profanos",Escenario simbólico,Frente,Cartel,"Personaje principal: No, Personaje secundario: No, Otros personajes: No",De pie,Cuerpo medio,Sin donante,Varios iconotextos,2256x3003,RGB,1667.2,62.64,,,,,https://arca.uniandes.edu.co/obras/8548,"Academia Nacional de Bellas Artes. Historia general del arte en la Argentina, tomos I y II. Buenos Aires: Academia Nacional de Bellas Artes, 1982-2013.",
19681,Alegoría dominica de la fe,Manuel de Samaniego,Óleo sobre tela,1800,"Convento dominico santa Catalina de Siena, Quito, Ecuador",Quito,Alegorías a la Iglesia y vida cristiana,Alegoría/moral,"Alegorías y Emblemas, Alegorías a la Iglesia y la vida cristiana, Alegorías órdenes y vida religiosa","África, América, Ángeles / querubines, Asia, Cojín, Cuatro continentes, Dominicos, Europa, Hábito, Monjas, Monjes, Negro - negritud, Ojos vendados, Turbante","Aureola, Azucenas, Capa real o de armiño, Corona, Corona de espinas, Cruz / crucifijo, Dragón, Esfera / mundo, Libro, Nube, Paloma, Rayo / trueno, Sangre, Triángulo equilátero, Trinidad","Edad: adulto, Escena: compuesta, Género masculino/femenino, Personaje colectivo, Personajes: sagrados y profanos, Presencia: animales, Presencia: niños",Escenario simbólico,Rostro 3/4,Rosario,"Personaje principal: Mano abierta, girada: proferir razones; Personaje secundario: Mano abierta sobre corazón: afirmar testimonio, jura; Otros personajes: Manos/brazos cruzadas pecho",Sentado,Cuerpo entero,Sin donante,Ninguna,2073x3257,RGB,1860,67.89,,,,,https://arca.uniandes.edu.co/obras/19681,"STRATTON-PRUITT, Suzanne. El arte de la pintura en quito colonial. Saint Joseph´s University Press. Filadelfia, 2011.",
865,Cuatro continentes rever,Juan Correa,Óleo sobre tela,1669–1716,"Banco Nacional México, Ciudad de México, México",Ciudad de México,Biombos alegóricos y simbólicos,Alegoría/moral,"Temas seculares, Biombos, Biombos alegóricos y simbólicos","Alegoría, Camello, Familia, Monarquía - realeza - rey, Naturaleza, Paisaje, Sombrero, Sombrilla, Tintero y pluma","Animales, Árbol, Caballo, Cayado / Bastón, Corona, Elefante, Flores, Frutas / verduras, Niños","Edad: adulto, Edad: niñez, Escena: compuesta, Género femenino, Género masculino, Personaje colectivo, Personaje: contacto corporal, Personajes: profanos, Presencia: animales, Presencia: niños",Terrestre / paisaje,Rostro 3/4,Objetos diversos,"Personaje principal: Llevar de la mano: cuidar débiles, Personaje secundario: Múltiples gestos, Otros personajes: No",De pie,Cuerpo entero,Sin donante,Inscripción,3612x1556,RGB,1713.3,50.62,,,,,https://arca.uniandes.edu.co/obras/865,"PAZ, Octavio. México: esplendores de treinta siglos. New York: Metropolitan Museum of art – Amigos de las Artes de Mexico, 1991.",
21018,Pedro Claver,Anónimo,Óleo sobre tela,1700–1799,"Iglesia santuario san Pedro Claver, Cartagena, Colombia",Cartagena,Historia de venerables,Retrato,"Santos, Venerables y beatos, Historia de venerables","Evangelización, Negro - negritud",Cruz / crucifijo,"Edad: adulto, Edad: niñez, Escena: simple, Género masculino, Personaje colectivo, Personajes: sagrados y profanos, Presencia: niños",Celeste / terrestre,Rostro 3/4,Cruz,"Personaje principal: Golpe de pecho: dolor, contriccion, vergüenza; Personaje secundario: Oro: pedir misericordia; Otros personajes: No",De pie,Cuerpo medio,Sin donante,Filacteria,2394x3588,RGB,1802.3,53.78,,,,,https://arca.uniandes.edu.co/obras/21018,Fotografía Jaime Borja,
8756,Vestimenta de escravas pedintes na Festa do Rosario,Carlos Juliao,Acuarela,1760–1811,"Biblioteca Nacional, Rio de Janeiro, Brasil",Rio de Janeiro,"Escenas cotidianas música, paseo y diversión",Urbano,"Temas seculares; Escenas cotidiana; Cotidianas música, paseo y diversión","Celebración, Costumbres, Esclavo, Negro - negritud, Pipa / cigarrillo, Pluma, Sombrero, Tintero y pluma","Cayado / Bastón, Descalzo, Manto","Edad: adolescencia-juventud, Edad: adulto, Escena: simple, Género femenino, Género masculino, Personaje colectivo, Personaje: desnudo parcial / total, Personajes: profanos",Terrestre / paisaje,Rostro 3/4,Objetos diversos,"Personaje principal: No, Personaje secundario: No, Otros personajes: No",De pie,Cuerpo entero,Sin donante,Ninguna,3204x2226,RGB,938.2,91.58,,,,,https://arca.uniandes.edu.co/obras/8756,"ARAUJO, Emanoel, et al. O universo mágico do barroco brasileiro. Sa~o Paulo: FIESP/CIESP/IRS, 1998.",
8759,Cortejo da rainha negra na festa de reis,Carlos Juliao,Acuarela,1775,"Biblioteca Nacional, Rio de Janeiro, Brasil",Rio de Janeiro,"Escenas cotidianas música, paseo y diversión",Urbano,"Temas seculares; Escenas cotidiana; Cotidianas música, paseo y diversión","Abanico, Celebración, Conmemoración, Danza, Flauta, Negro - negritud, Procesión, Reina, Sombrilla, Tambor, Tocado","Cayado / Bastón, Flores, Instrumentos musicales, Niños","Edad: adulto, Edad: niñez, Escena: simple, Género femenino, Personaje colectivo, Personaje: contacto corporal, Personajes: profanos, Presencia: niños",Terrestre otro,Rostro 3/4,Objetos diversos,"Personaje principal: No, Personaje secundario: No, Otros personajes: No",De pie,Cuerpo entero,Sin donante,Ninguna,2082x1182,RGB,367.6,72.05,,,,,https://arca.uniandes.edu.co/obras/8759,"ARAUJO, Emanoel, et al. O universo mágico do barroco brasileiro. Sa~o Paulo: FIESP/CIESP/IRS, 1998.",
15878,Vida de Santo Domingo,Cabrera,Óleo sobre tela,1836,"Museo Histórico Dominico, Santiago, Chile",Santiago,"Domingo de Guzmán, santo",Vida,"Santos, Santos Masculinos, Fundadores, Domingo, Domingo escena de vida","Celebración, Dominicos, Esclavo, Negro - negritud, Visita - encuentro","Libro, Vela / cirio","Edad: adolescencia-juventud, Edad: adulto, Edad: niñez, Escena: compuesta, Género masculino/femenino, Personaje colectivo, Personajes: sagrados y profanos",Terrestre / interior templo,Perfil,Cáliz / objeto sagrado,"Personaje principal: Oro: pedir misericordia, Personaje secundario: Entregar algo, Otros personajes: No",Arrodillado,Cuerpo entero,Sin donante,Cartela,708x588,RGB,106,60.45,,,,,https://arca.uniandes.edu.co/obras/15878,http://www.cdbp.patrimoniocultural.gob.cl/652/articles-26008_archivo_01.pdf,
3414,De mulato y china sale albarrazada (Sin Inscripciones),Anónimo,Óleo sobre tela,1700–1799,"Banco Nacional México, Ciudad de México, México",Ciudad de México,"Castas,  pintura de",Paisaje,"Temas seculares, Castas, 06 zambo - negro mulata","Alacena, Botella, Cocina, Comida, Cuchillo / daga, Jarra, Látigo, Mesa, Platos - Vajilla","Flores, Frutas / verduras, Niños","Edad: adulto, Edad: niñez, Escena: simple, Género femenino, Género masculino, Personaje colectivo, Personaje: contacto corporal, Personajes: profanos, Presencia: niños",Terrestre / interior casa-habitación,Rostro 3/4,Alimento / pan,"Personaje principal: Entregar algo, Personaje secundario: No, Otros personajes: No",De pie,Cuerpo medio,Sin donante,Ninguna,2993x2235,RGB,1667.2,65.44,,,,,https://arca.uniandes.edu.co/obras/3414,"MANRIQUE, Jorge Alberto. La colección pictórica del Banco Nacional de México. México: Fomento Cultural Banamex, 1992.",
26123,De Mulato e India nace Chino,José de Alcíbar,Óleo sobre tela,1778,"Colección Pérez Simón, Ciudad de México, México",Ciudad de México,"Castas,  pintura de",Paisaje,"Temas seculares, Castas, 13 chino - lobo negra mulato",Comida,"Pan, Vasija","Edad: adolescencia-juventud, Edad: adulto, Edad: anciano, Escena: simple, Género masculino/femenino, Personaje colectivo, Personajes: profanos",Terrestre / interior casa-habitación,Rostro 3/4,Alimento / pan,"Personaje principal: Mano extendida: mendigar, Personaje secundario: No, Otros personajes: No",Sentado,Cuerpo entero,Sin donante,Cartela,2386x2258,RGB,1382.3,44.04,,,,,https://arca.uniandes.edu.co/obras/26123,Fotografía Jaime Borja,
13287,"De Mulato y Española, sale Morisco",Anónimo,Óleo sobre tela,1780,"Colección Malú y Alejandra Escandón, Ciudad de México, México",Ciudad de México,"Castas,  pintura de",Paisaje,"Temas seculares, Castas, 08 morisco - español mulata","Cartas, Comida, Cotidianidad, Juego, Mesa, Paisaje, Platos - Vajilla, Sombrero","Agua, Árbol, Frutas / verduras, Fuente / pila, Manto, Niños, Pájaro / aves","Edad: adulto, Edad: niñez, Escena: simple, Género femenino, Género masculino, Personaje colectivo, Personaje: contacto corporal, Personajes: profanos, Presencia: animales, Presencia: niños",Terrestre / interior - paisaje,Rostro 3/4,Cartas Naipes,"Personaje principal: No, Personaje secundario: Palmas arriba:, Otros personajes: No",Sentado,Cuerpo entero,Sin donante,Inscripción,2106x1480,RGB,752.9,65.15,,,,,https://arca.uniandes.edu.co/obras/13287,www.latinamericanart.com/,
632,Español y Negra Mulato,José de Alcíbar,Óleo sobre tela,1760,"Denver Art Museum, Denver, Estados Unidos","Ciudad de México, México","Castas,  pintura de",Paisaje,"Temas seculares, Castas, 05 mulato - español negra","Caldero / olla, Cocina, Comida, Madera, Negro - negritud, Platos - Vajilla, Telas","Fuego, Niños","Edad: adulto, Edad: niñez, Escena: simple, Género femenino, Género masculino, Personaje colectivo, Personajes: profanos, Presencia: niños",Terrestre / interior casa-habitación,Rostro 3/4,Tabaco / pipa,"Personaje principal: No, Personaje secundario: No, Otros personajes: No",De pie,Cuerpo tres cuartos,Sin donante,Inscripción,2110x1682,RGB,1238.6,67.05,,,,,https://arca.uniandes.edu.co/obras/632,"RISHEL, Joseph J. y Suzanne Stratton-Pruitt. Revelaciones. Las artes en América Latina, I492-I820. México: Fondo de Cultura Económica, 2007.",
3374,"De Español, y Mulata produce Morisca",Anónimo,Óleo sobre tela,1725,"Colección particular (Londres), Londres, Reino Unido","Ciudad de México, México","Castas,  pintura de",Paisaje,"Temas seculares, Castas, 08 morisco - español mulata","Familia, Sombrero","Capa, Collar, Joyas, Niños","Edad: adulto, Edad: niñez, Escena: compuesta, Escena: simple, Género femenino, Género masculino, Personaje colectivo, Personaje: contacto corporal, Personajes: profanos, Presencia: niños",Sin definir,Perfil,No,"Personaje principal: No, Personaje secundario: No, Otros personajes: No",De pie,Cuerpo medio,Sin donante,Inscripción,1694x1276,RGB,565,43.41,,,,,https://arca.uniandes.edu.co/obras/3374,"GARCÍA SAIZ, María Concepción. Las castas Mexicanas. Un género pictórico americano. Milan: Olivetti, 1989.",
1046,Martín Porres,Anónimo,Óleo sobre madera,1700–1799,"Colección Barbosa-Stern, Lima, Perú",Lima,Martín de Porres,Devoción,"Santos, Venerables y beatos, Martín de Porres","Dominicos, Escoba, Mesa, Vida conventual","Canasta, Cortinas, Libro, Pan","Edad: adulto, Escena: simple, Género masculino, Personaje individual, Personajes: sagrados",Terrestre / interior - paisaje,Frente,Escoba,"Personaje principal: No, Personaje secundario: No, Otros personajes: No",De pie,Cuerpo entero,Sin donante,Cartela,2424x2802,RGB,2329.6,65.54,,,,,https://arca.uniandes.edu.co/obras/1046,"GJURINOVIC, Pedro y Eduardo Barbosa. Vicerregal Peruvian Art, Barbosa Stern Collection. Lima: Museum of Modern Art of Latin America, 1989.",
3386,De Español y Negra produce Mulato,Anónimo,Óleo sobre tela,1700–1799,"Colección particular (CdMx), Ciudad de México, México",Ciudad de México,"Castas,  pintura de",Paisaje,"Temas seculares, Castas, 05 mulato - español negra","Caldero / olla, Cocina, Oficio / trabajo, Platos - Vajilla, Sombrero, Tiendas de campaña","Fuego, Niños","Edad: adulto, Edad: niñez, Escena: simple, Género masculino/femenino, Personaje colectivo, Personajes: profanos, Presencia: niños",Terrestre / interior casa-habitación,Rostro 3/4,Desconocido,"Personaje principal: No, Personaje secundario: No, Otros personajes: No",De pie,Cuerpo medio,Sin donante,Inscripción,1302x987,RGB,259.1,54.81,,,,,https://arca.uniandes.edu.co/obras/3386,"GARCÍA SAIZ, María Concepción. Las castas Mexicanas. Un género pictórico americano. Milan: Olivetti, 1989.",
90003,Black Artist Completing a Portrait of Maria Anna of Austria,Desconocido (posiblemente escuela brasileña),Óleo sobre lienzo,Primera mitad del siglo XVIII (c. 1700–1750),"Colección privada, Filadelfia (procedencia); ofrecida por Carlton Hobbs LLC","Michael Hogg Gallery, Knightsbridge, Londres, 1967; Colección privada, Filadelfia",Artista afrodescendiente en rol intelectual/creativo,Retrato de taller,"Temas seculares, Retrato dentro del retrato, Roles no subalternos","Negro - negritud, Oficio artístico, Indumentaria elaborada","Retrato dentro del retrato, Ventana con paisaje urbano, Vestimenta elaborada","Edad: adulto, Escena: simple, Género masculino, Género femenino, Personaje principal: artista",Interior / ciudad - poblado (cityscape al fondo),3/4,"Pinceles, lienzo, caballete (implícito)",Personaje principal: Pintando un retrato; Personaje secundario (representado en el lienzo): Pose de retrato real; Otros personajes: No,Sentado / de pie ante el caballete,Cuerpo entero,Sin donante,Sin inscripción,664x664,RGB,154.32,46.87,,,,,https://carltonhobbs.com/piece/black-artist-completing-a-portrait-of-maria-anna-of-austria/,Carlton Hobbs New York (carltonhobbs.com),
90004,"Francis Williams, the Scholar of Jamaica","Desconocido (posiblemente autorretrato; se ha propuesto a William Williams, 1721–1791)",Óleo sobre lienzo,c. 1760,"Victoria and Albert Museum, Londres, Reino Unido (Galería George Levy, sala 52)",Colección de Major H. Howard de Hampton Lodge (descendiente directo de Edward Long); adquirida por Spink and Son Ltd. en 1928 y donada al V&A,Retrato de erudito; logros intelectuales y científicos de un hombre negro libre,Retrato,"Temas seculares, Retrato de erudito, Roles no subalternos, Astronomía, Escuela británica","Negro - negritud, Erudición, Ciencia, Biblioteca, Indumentaria de élite","Globo terráqueo, Globo celeste, Compás y instrumentos de dibujo, Libros (incluye Principia de Newton y el Diccionario de Johnson de 1755), Paisaje de Spanish Town al fondo","Edad: adulto, Escena: simple, Género masculino, Personaje principal: erudito",Interior (estudio/biblioteca) con paisaje exterior de Jamaica visible por la ventana,"3/4 (cuerpo girado a la derecha, cabeza a la izquierda)","Globo terráqueo, globo celeste, libros, compás, instrumentos de dibujo, mesa",Personaje principal: Señala con la mano derecha hacia los libreros; mano izquierda sobre los Principia de Newton abierto; Otros personajes: No,De pie,Cuerpo entero,Posiblemente autorretrato o encargo del propio retratado (Francis Williams),Sin inscripción,1691x2210,RGB,1600.29,45.42,,,,,https://en.wikipedia.org/wiki/Francis_Williams_(polymath),Wikipedia (en); Victoria and Albert Museum (collections.vam.ac.uk),
1365,Negra de Guinea criolla. Español. Producen Mulato.,Anónimo,Óleo sobre tela,1770,"Museo Nacional de Antropología (Antes Museo Nacional de Etnología), Madrid, España","Lima, Perú","Castas,  pintura de",Paisaje,"Temas seculares, Castas, 05 mulato - español negra","Familia, Negro - negritud, Riqueza","Collar, Joyas, Monedas, Niños","Edad: adulto, Edad: niñez, Escena: simple, Género femenino, Género masculino, Personaje colectivo, Personaje: contacto corporal, Personajes: profanos, Presencia: niños",Sin definir,Rostro 3/4,No,"Personaje principal: Compuesto: mano bendice - otra pecho, Personaje secundario: No, Otros personajes: No",De pie,Cuerpo tres cuartos,Sin donante,Inscripción,3340x2572,RGB,3586.47,60.07,,,,,https://arca.uniandes.edu.co/obras/1365,"ESTENSSORO, Juan Carlos et al. Los cuadros de mestizaje del virrey Amat. La representación etnográfica en el Perú colonial. Lima: Museo de Arte de Lima, 2000.",
1046,Martín Porres,Anónimo,Óleo sobre madera,1700–1799,"Colección Barbosa-Stern, Lima, Perú",Lima,Martín de Porres,Devoción,"Santos, Venerables y beatos, Martín de Porres","Dominicos, Escoba, Mesa, Vida conventual","Canasta, Cortinas, Libro, Pan","Edad: adulto, Escena: simple, Género masculino, Personaje individual, Personajes: sagrados",Terrestre / interior - paisaje,Frente,Escoba,"Personaje principal: No, Personaje secundario: No, Otros personajes: No",De pie,Cuerpo entero,Sin donante,Cartela,2424x2802,RGB,2329.64,65.54,,,,,https://arca.uniandes.edu.co/obras/1046,"GJURINOVIC, Pedro y Eduardo Barbosa. Vicerregal Peruvian Art, Barbosa Stern Collection. Lima: Museum of Modern Art of Latin America, 1989.",
13294,Devoción de don Manuel de Salzes y doña Francisca Infante,Anónimo,Óleo sobre tela,1767,"Museo Nacional de Bellas Artes, Santiago, Chile","La Paz, Bolivia",Retrato de familias,Retrato,"Retrato, Retrato de familias, Grupo familiar","Ángeles / querubines, Esclavo, Familia, Túnica","Altar, Báculo, Cetro, Collar, Columna, Corona, Flores, Luna","Edad: adolescencia-juventud, Edad: adulto, Edad: niñez, Escena: compuesta, Género masculino/femenino, Personaje colectivo, Personaje: contacto corporal, Personajes: profanos, Presencia: niños",Terrestre / interior casa-habitación,Rostro 3/4,No,"Personaje principal: Oro: pedir misericordia, Personaje secundario: No, Otros personajes: No",Arrodillado,Cuerpo entero,Donante por el nombre,Cartela,514x650,RGB,143.14,59.24,,,,,https://arca.uniandes.edu.co/obras/13294,www.surdoc.cl,
26967,Exvoto de la Sagrada Familia,José Campeche,Óleo sobre tela,1780,"Instituto de Cultura Puertorriqueña, San Juan, Puerto Rico",San Juan,Cinco señores,Devoción,"Mariología, Vida de la Virgen, Sagrada Familia, Escenas Sagrada Familia, Cinco señores","Ángeles / querubines, Imagen devocional, Hábito","Aureola, Aureola con estrellas, Aureola de rayos o luz, Cruz / crucifijo, Nube, Trinidad","Edad: adulto, Escena: simple, Género femenino, Género masculino, Personaje colectivo, Personajes: sagrados, Presencia: animales",Celeste,Rostro 3/4,"Cruz, Flores","Personaje principal: Mano extendida frente: bendecir, absolución, perdón; Personaje secundario: Manos/brazos cruzadas pecho; Otros personajes: Múltiples gestos",Elevación,Cuerpo entero,Sin donante,Ninguna,1001x1282,RGB,313.4,53.08,,,,,https://arca.uniandes.edu.co/obras/26967,Enoch Pratt Free Library (Registro Web),
12373,Baile rústico después del viaje en trineo,William Sidney Mount,Óleo sobre tela,1830,"Museum of Fine Arts of Boston, Boston, Estados Unidos",Boston,"Escenas cotidianas música, paseo y diversión",Urbano,"Temas seculares; Escenas cotidiana; Cotidianas música, paseo y diversión","Cotidianidad, Danza, Habitación, Jarra, Violín","Instrumentos musicales, Puerta, Reloj, Silla / trono, Vela / cirio","Edad: adulto, Escena: simple, Género femenino, Género masculino, Personaje colectivo, Personaje: contacto corporal, Personajes: profanos",Terrestre / interior casa-habitación,Rostro 3/4,Objetos diversos,"Personaje principal: Palma arriba extendida: no posee nada, Personaje secundario: Múltiples gestos, Otros personajes: No",De pie,Cuerpo entero,Sin donante,Ninguna,1280x1039,RGB,229,50.42,,,,,https://arca.uniandes.edu.co/obras/12373,www.mfa.org/catalogues,
20629,"Mujeres, creoles y sivientes",Agostino Brunias,Óleo sobre tela,1770,"Museo Thyssen-Bornemisza, Madrid, España","Washington, Estados Unidos",Escenas cotidianas oficios y labores,Urbano,"Temas seculares, Escenas cotidiana, Cotidianas oficios y labores","Abanico, Esclavo, Negro - negritud, Paisaje",Árbol,"Edad: adolescencia-juventud, Edad: adulto, Escena: simple, Género femenino, Personaje colectivo, Personajes: profanos",Terrestre / paisaje,Rostro 3/4,Objetos diversos,"Personaje principal: No, Personaje secundario: No, Otros personajes: No",Sentado,Cuerpo entero,Sin donante,Ninguna,2263x3163,RGB,1574.31,71.91,,,,,https://arca.uniandes.edu.co/obras/20629,"ASTE, Richard. Behind closed Doors. Art in the Spanish American home, 1492-1898. Brooklyn Museum, 2014.",
3413,"Cuadro de castas: blanco y negro, zambo",Anónimo,Óleo sobre tela,1700–1799,"Colección Ángel Cristóbal, Ciudad de México, México",Ciudad de México,"Castas,  pintura de",Paisaje,"Temas seculares, Castas, 05 mulato - español negra","Botella, Carne, Cocina, Comida, Gallina, Negro - negritud, Platos - Vajilla","Anillo, Animales, Joyas, Niños, Pájaro / aves","Edad: adulto, Edad: niñez, Escena: simple, Género femenino, Género masculino, Personaje colectivo, Personaje: contacto corporal, Personajes: profanos, Presencia: animales",Terrestre / interior casa-habitación,Rostro 3/4,Pájaro,"Personaje principal: No, Personaje secundario: No, Otros personajes: No",De pie,Cuerpo medio,Sin donante,Ninguna,1329x1035,RGB,510.24,71.74,,,,,https://arca.uniandes.edu.co/obras/3413,"GARCÍA SAIZ, María Concepción. Las castas Mexicanas. Un género pictórico americano. Milan: Olivetti, 1989.",
3455,De Español y Negra nace Mulata. Frutas de el paiz.,Andrés Islas,Óleo sobre tela,1774,"Museo de América, Madrid, España","Ciudad de México, México","Castas,  pintura de",Paisaje,"Temas seculares, Castas, 05 mulato - español negra","Caldero / olla, Cocina, Cotidianidad, Negro - negritud, Pelea, Platos - Vajilla, Sombrero","Canasta, Flores, Frutas / verduras","Edad: adulto, Edad: niñez, Escena: simple, Género masculino/femenino, Personaje colectivo, Personaje: contacto corporal, Personajes: profanos, Presencia: niños",Terrestre / interior casa-habitación,Rostro 3/4,No,"Personaje principal: Impedir agarrar mano: detener obstaculos, Personaje secundario: Agarra: acción de autoridad, Otros personajes: No",De pie,Cuerpo entero,Sin donante,Cartela,1500x2076,RGB,1080.69,59.22,,,,,https://arca.uniandes.edu.co/obras/3455,"GARCÍA SAIZ, María Concepción. Las castas Mexicanas. Un género pictórico americano. Milan: Olivetti, 1989.",
3435,"Orgullo, y despejo de la mulata, nace del blanco, y negra que la dimanan",José Joaquín Magón,Óleo sobre tela,1754–1760,"Colección particular (CdMx), Ciudad de México, México",Ciudad de México,"Castas,  pintura de",Paisaje,"Temas seculares, Castas, 05 mulato - español negra","Caldero / olla, Cocina, Comida, Cuchillo / daga, Jarra, Mesa, Negro - negritud, Oficio / trabajo, Peces, Platos - Vajilla, Vaso","Frutas / verduras, Joyas, Pan","Edad: adulto, Edad: niñez, Escena: simple, Género femenino, Género masculino, Personaje colectivo, Personaje: contacto corporal, Personajes: profanos, Presencia: animales, Presencia: niños",Terrestre / interior casa-habitación,Rostro 3/4,Taza - Vajilla,"Personaje principal: No, Personaje secundario: Compuesto: dos abiertas al frente, Otros personajes: No",De pie,Cuerpo tres cuartos,Sin donante,Inscripción,2000x1564,RGB,585.46,42.5,,,,,https://arca.uniandes.edu.co/obras/3435,"GARCÍA SAIZ, María Concepción. Las castas Mexicanas. Un género pictórico americano. Milan: Olivetti, 1989.",
3571,"5. De Español, y Negra, produce Mulato",José de Páez,Óleo sobre tela,1750–1790,"Colección particular (CdMx), Ciudad de México, México",Ciudad de México,"Castas,  pintura de",Paisaje,"Temas seculares, Castas, 05 mulato - español negra","Alacena, Caldero / olla, Cocina, Comida, Jarra, Mesa, Negro - negritud, Paisaje, Platos - Vajilla, Sombrero, Vaso","Árbol, Canasta, Capa, Columna, Joyas, Niños, Vasija","Edad: adulto, Edad: niñez, Escena: simple, Género femenino, Género masculino, Personaje colectivo, Personaje: contacto corporal, Personajes: profanos, Presencia: niños",Terrestre / interior casa-habitación,Rostro 3/4,Tabaco / pipa,"Personaje principal: No, Personaje secundario: Palma frente abajo inclinada:, Otros personajes: No",De pie,Cuerpo tres cuartos,Sin donante,Inscripción,1600x1274,RGB,512.87,62.94,,,,,https://arca.uniandes.edu.co/obras/3571,"GARCÍA SAIZ, María Concepción. Las castas Mexicanas. Un género pictórico americano. Milan: Olivetti, 1989.",
3542,"De Español, y Negra, nace Mulata",Anónimo,Óleo sobre tela,1700–1799,"Colección particular (CdMx), Ciudad de México, México",Ciudad de México,"Castas,  pintura de",Paisaje,"Temas seculares, Castas, 05 mulato - español negra","Caldero / olla, Cocina, Mesa, Negro - negritud, Platos - Vajilla, Sombrero","Ciudad, Niños","Edad: adulto, Edad: niñez, Escena: simple, Género femenino, Género masculino, Personaje colectivo, Personaje: contacto corporal, Personajes: profanos, Presencia: niños",Terrestre / ciudad - poblado,Rostro 3/4,No,"Personaje principal: Indice arriba: amenaza, denuncia; Personaje secundario: Señalar: silencio bendecir; Otros personajes: No",De pie,Cuerpo medio,Sin donante,Inscripción,1600x1209,RGB,588.07,58.89,,,,,https://arca.uniandes.edu.co/obras/3542,"GARCÍA SAIZ, María Concepción. Las castas Mexicanas. Un género pictórico americano. Milan: Olivetti, 1989.",
851,Adoración de los reyes,José Juárez,Óleo sobre tela,1655,"Museo Nacional de Arte (MUNAL) (Antigua Pinacoteca san Diego), Ciudad de México, México",Ciudad de México,Adoración de los Reyes,Vida,"Mariología, Vida de la Virgen, Adoración de los Reyes","Bordado, Botella, Brocados (flores o dorados), Camino, Colina / montaña, Túnica, Turbante","Aureola, Corona, Espada, Incensario, Manto, Mirra, Ofrenda, Oro","Edad: adulto, Edad: anciano, Edad: niñez, Escena: simple, Género masculino/femenino, Personaje colectivo, Personaje: contacto corporal, Personajes: sagrados y profanos, Presencia: niños",Terrestre / paisaje,Frente,No,"Personaje principal: Cargar o sostener:, Personaje secundario: No, Otros personajes: Mano palma al frente",Sentado alzando,Cuerpo entero,Sin donante,Ninguna,2628x3390,RGB,3092.99,64.63,,,,,https://arca.uniandes.edu.co/obras/851,"PAZ, Octavio. México: esplendores de treinta siglos. New York: Metropolitan Museum of art – Amigos de las Artes de Mexico, 1991.",
134,Adoración de los reyes,Anónimo,Óleo sobre tela,1600–1699,"Convento del Carmen de San José, Santiago, Chile",Santiago,Adoración de los Reyes,Vida,"Mariología, Vida de la Virgen, Adoración de los Reyes","Antorcha, Armadura / yelmo, Cotidianidad, Cuerda / soga  (atadura), Monarquía - realeza - rey, Oración, Reunión, Túnica, Velo","Aureola, Cadena, Capa, Escalera, Manto, Mirra, Ofrenda, Oro","Edad: adulto, Edad: anciano, Edad: niñez, Escena: simple, Género masculino/femenino, Personaje colectivo, Personaje: contacto corporal, Personaje: desnudo parcial / total, Personajes: sagrados y profanos, Presencia: niños",Terrestre / interior casa-habitación,Rostro 3/4,No,"Personaje principal: Cargar o sostener:; Personaje secundario: Acariciar cabeza: humor, afecto; Otros personajes: Estirar la mano: fuerza al discurso",Sentado alzando,Cuerpo entero,Donante posiblemente presente,Ninguna,2564x2010,RGB,1423.18,53.51,,,,,https://arca.uniandes.edu.co/obras/134,"Luis Mebold K. S.D.B. Catálogo de pintura colonial en Chile. Obras en monasterios de religiosas de Antigua fundación. Santiago: ediciones Universidad católica de Chile, 1987.",
852,Adoración de los reyes,Baltasar de Echave y Rioja,Óleo sobre tela,1659,"Figge Art Museum, Davenport, Estados Unidos","Ciudad de México, México",Adoración de los Reyes,Vida,"Mariología, Vida de la Virgen, Adoración de los Reyes","Bordado, Botella, Brocados (flores o dorados), Camino, Colina / montaña, Túnica, Turbante","Alas, Árbol, Aureola, Bastón florido, Columna, Corona, Incensario, Manto, Mirra, Ofrenda, Oro, Paloma","Edad: adulto, Edad: anciano, Edad: niñez, Escena: simple, Género masculino/femenino, Personaje colectivo, Personaje: desnudo parcial / total, Personajes: sagrados y profanos, Presencia: animales, Presencia: niños",Terrestre / paisaje,Rostro 3/4,No,"Personaje principal: Cargar o sostener:, Personaje secundario: Mano vertical frente:, Otros personajes: No",Sentado alzando,Cuerpo entero,Sin donante,Ninguna,3400x2604,RGB,3117.89,64.75,,,,,https://arca.uniandes.edu.co/obras/852,"PAZ, Octavio. México: esplendores de treinta siglos. New York: Metropolitan Museum of art – Amigos de las Artes de Mexico, 1991.",
333,Adoración de los reyes,Anónimo,Óleo sobre tela,1700–1799,"Convento Capuchinas de la santísima Trinidad, Santiago, Chile",Santiago,Adoración de los Reyes,Vida,"Mariología, Vida de la Virgen, Adoración de los Reyes","Bordado, Brocados (flores o dorados), Colina / montaña, Negro - negritud, Oración, Túnica","Árbol, Aureola, Bastón florido, Columna, Incensario, Manto, Ofrenda, Silla / trono","Edad: anciano, Edad: niñez, Escena: compuesta, Género masculino/femenino, Personaje colectivo, Personaje: desnudo parcial / total, Personajes: sagrados y profanos, Presencia: animales, Presencia: niños",Terrestre / interior - paisaje,Rostro 3/4,No,"Personaje principal: No; Personaje secundario: Mano derecha tres dedos: bendición o pedir silencio; Otros personajes: Tocar pie: humildad, sometimiento",Sentado alzando,Cuerpo entero,Sin donante,Ninguna,2604x1636,RGB,1689.6,61.77,,,,,https://arca.uniandes.edu.co/obras/333,"Luis Mebold K. S.D.B. Catálogo de pintura colonial en Chile. Obras en monasterios de religiosas de Antigua fundación. Santiago: ediciones Universidad católica de Chile, 1987.",
677,Adoración de los reyes,Gaspar Miguel de Berrío,Óleo sobre tela,1730–1762,"Museo Nacional de Arte, La Paz, Bolivia",La Paz,Adoración de los Reyes,Vida,"Mariología, Vida de la Virgen, Adoración de los Reyes","Armadura / yelmo, Bordado, Brocados (flores o dorados), Camino, Colina / montaña, Cotidianidad, Negro - negritud, Oración, Soldados","Árbol, Aureola, Caballo, Corona, Incensario, Mirra, Ofrenda, Oro","Edad: adulto, Edad: anciano, Edad: niñez, Escena: simple, Género masculino/femenino, Personaje colectivo, Personaje: contacto corporal, Personaje: desnudo parcial / total, Personajes: sagrados y profanos, Presencia: animales, Presencia: niños",Terrestre / interior - paisaje,Rostro 3/4,No,"Personaje principal: No; Personaje secundario: Acariciar cabeza: humor, afecto; Otros personajes: Tocar pie: humildad, sometimiento",Sentado alzando,Cuerpo entero,Sin donante,Ninguna,2394x3186,RGB,2831.32,50.66,,,,,https://arca.uniandes.edu.co/obras/677,"RISHEL, Joseph J. y Suzanne Stratton-Pruitt. Revelaciones. Las artes en América Latina, I492-I820. México: Fondo de Cultura Económica, 2007.",